participantId,format,code,task,valid,errorMessage
669b961e1c9cf30a26bb57d2,xml,"<?xml version=""1.0"" encoding=""UTF-8"" standalone=""yes""?>
<movies>
  <movie>
    <title>After Dark in Central Park</title>
    <year>1900</year>
    <cast/>
    <genres>Silent</genres>
    <genres>Short</genres>
    <href/>
    <country>United States</country>
    <runtime>3</runtime>
    <language>Silent</language>
    <release_date>1900-03-15</release_date>
    <production_company>Edison Manufacturing Company</production_company>
    <director>James H. White</director>
    <writer>James H. White</writer>
    <cinematography>Edison Manufactoring Compony</cinematography>
    <budget>500</budget>
    <box_office/>
    <awards/>
  </movie>
  <movie>
    <title>Boarding School Girls' Pajama Parade</title>
    <year>1900</year>
    <cast/>
    <genres>Silent</genres>
    <genres>Short</genres>
    <href/>
    <country>United States</country>
    <runtime>2</runtime>
    <language>Silent</language>
    <release_date>1900-05-10</release_date>
    <production_company>Edison Manufacturing Company</production_company>
    <director>James H. White</director>
    <writer>Unknown</writer>
    <cinematography>Unknown</cinematography>
    <budget>450</budget>
    <box_office/>
    <awards/>
  </movie>
  <movie>
    <title>Buffalo Bill's Wild West Parade</title>
    <year>1900</year>
    <cast>Buffalo Bill (William F. Cody)</cast>
    <genres>Documentary</genres>
    <href/>
    <country>United States</country>
    <runtime>5</runtime>
    <language>Silent</language>
    <release_date>1900-07-04</release_date>
    <production_company>Edison Manufacturing Company</production_company>
    <director>James H.</director>
    <writer>James H.</writer>
    <cinematography>Edison Manufactoring Compony</cinematography>
    <budget>600</budget>
    <box_office/>
    <awards/>
  </movie>
  <movie>
    <title>Caught</title>
    <year>1900</year>
    <cast/>
    <genres>Drama</genres>
    <href/>
    <country>United States</country>
    <runtime>2</runtime>
    <language>Silent</language>
    <release_date>1900-02-20</release_date>
    <production_company>Biograph Company</production_company>
    <director>William Heise</director>
    <writer>Unknown</writer>
    <cinematography>Unknown</cinematography>
    <budget>400</budget>
    <box_office/>
    <awards/>
  </movie>
  <movie>
    <title>Clowns Spinning Hats</title>
    <year>1900</year>
    <cast>Unknown Clowns</cast>
    <genres>Silent</genres>
    <genres>Comedy</genres>
    <href>Clowns_Spinning_Hats</href>
    <extract>Clowns Spinning Hats is a black-and-white silent film featuring clowns throwing hats back and forth to each other. It was written and produced by Lubin Films and released April 7, 1900.</extract>
    <country>United States</country>
    <runtime>3</runtime>
    <language>Silent</language>
    <release_date>1900-04-07</release_date>
    <production_company>Lubin Films</production_company>
    <director>Unknown</director>
    <writer>Unknown</writer>
    <cinematography>Unknown</cinematography>
    <budget>500</budget>
    <box_office/>
    <awards/>
  </movie>
  <movie>
    <title>The Enchanted Drawing</title>
    <year>1900</year>
    <cast>J. Stuart Blackton</cast>
    <genres>Silent</genres>
    <genres>Animation</genres>
    <href>The_Enchanted_Drawing</href>
    <extract>The Enchanted Drawing is a 1900 silent film directed by J. Stuart Blackton. It is best known for containing the first animated sequences recorded on standard picture film, which has led Blackton to be considered the father of American animation.</extract>
    <thumbnail_width>320</thumbnail_width>
    <thumbnail_height>240</thumbnail_height>
    <country>United States</country>
    <runtime>2</runtime>
    <language>Silent</language>
    <release_date>1900-11-16</release_date>
    <production_company>Vitagraph Studios</production_company>
    <director>J. Stuart Blackton</director>
    <writer>J. Stuart Blackton</writer>
    <cinematography>Unknown</cinematography>
    <budget>700</budget>
    <box_office/>
    <awards/>
  </movie>
  <movie>
    <title>Feeding Sea Lions</title>
    <year>1900</year>
    <cast>Paul Boyton</cast>
    <genres>Short</genres>
    <genres>Silent</genres>
    <href>Feeding_Sea_Lions</href>
    <extract>Feeding Sea Lions is a short silent film featuring Paul Boyton feeding sea lions at his Sea Lion Park at Coney Island. Boyton is shown feeding the trained sea lions, twelve in number. The sea lions follow Boyton up the steps of the pool and then follow him back into the water. One of them steals food out of the basket. The film was made by Lubin Studios on March 10, 1900.</extract>
    <country>United States</country>
    <runtime>3</runtime>
    <language>Silent</language>
    <release_date>1900-03-10</release_date>
    <production_company>Lubin Studios</production_company>
    <director>Unknown</director>
    <writer>Unknown</writer>
    <cinematography>Unknown</cinematography>
    <budget>450</budget>
    <box_office/>
    <awards/>
  </movie>
  <movie>
    <title>A Trip to the Moon</title>
    <year>1902</year>   <!-- This movie was released after 1900. -->
    <cast>Georges Méliès</cast>
    <genres>Sci-Fi</genres>
    <genres>Adventure</genres>
    <href>A_Trip_to_the_Moon</href>
    <extract>A Trip to the Moon (French: Le Voyage dans la Lune) is a 1902 French silent film directed by Georges Méliès. It is widely regarded as the first science fiction film ever made.</extract>
    <thumbnail_width>320</thumbnail_width>
    <thumbnail_height>240</thumbnail_height>
    <country>France</country>
    <runtime>14</runtime>
    <language>Silent</language>
    <release_date>1902-09-01</release_date>
    <production_company>Star Film Company</production_company>
    <director>Georges Méliès</director>
    <writer>Georges Méliès</writer>
    <cinematography>Georges Méliès</cinematography>
    <budget>10000</budget>
    <box_office>20000</box_office>
    <awards>Considered a milestone in cinema history</awards>
  </movie>
  <movie>
    <title>The Great Train Robbery</title>
    <year>1903</year>   <!-- This movie was released after 1900. -->
    <cast>Gilbert M. Anderson</cast>
    <cast>A. C. Abadie</cast>
    <genres>Western</genres>
    <genres>Action</genres>
    <href>The_Great_Train_Robbery</href>
    <extract>The Great Train Robbery is a 1903 American silent short film directed by Edwin S. Porter. It is considered one of the earliest narrative films.</extract>
    <thumbnail_width>320</thumbnail_width>
    <thumbnail_height>240</thumbnail_height>
    <country>United States</country>
    <runtime>12</runtime>
    <language>Silent</language>
    <release_date>1903-12-01</release_date>
    <production_company>Edison Manufacturing Company</production_company>
    <director>Edwin S. Porter</director>
    <writer>Scott Marble</writer>
    <cinematography>Edwin S. Porter</cinematography>
    <budget>150</budget>
    <box_office>5000</box_office>
    <awards>One of the earliest crime films</awards>
  </movie>
</movies>",modifying-task-tabular-1,True,
60721c2da01b3a616edba9a7,xml,"<?xml version=""1.0"" encoding=""UTF-8"" standalone=""yes""?>
<movies>
  <movie>
    <title>After Dark in Central Park</title>
    <year>1900</year>
    <cast/>
    <genres>Silent</genres>
    <genres>Short</genres>
    <href/>
    <country>United States</country>
    <runtime>3</runtime>
    <language>Silent</language>
    <release_date>1900-03-15</release_date>
    <production_company>Edison Manufacturing Company</production_company>
    <director>James H. White</director>
    <writer>James H. White</writer>
    <cinematography>Unknown</cinematography>
    <budget>500</budget>
    <box_office/>
    <awards/>
  </movie>
  <movie>
    <title>Boarding School Girls' Pajama Parade</title>
    <year>1900</year>
    <cast/>
    <genres>Silent</genres>
    <genres>Short</genres>
    <href/>
    <country>United States</country>
    <runtime>2</runtime>
    <language>Silent</language>
    <release_date>1900-05-10</release_date>
    <production_company>Edison Manufacturing Company</production_company>
    <director>James H. White</director>
    <writer>James H. White</writer>
    <cinematography>Unknown</cinematography>
    <budget>450</budget>
    <box_office/>
    <awards/>
  </movie>
  <movie>
    <title>Buffalo Bill's Wild West Parade</title>
    <year>1900</year>
    <cast>Buffalo Bill (William F. Cody)</cast>
    <genres>Documentary</genres>
    <href/>
    <country>United States</country>
    <runtime>5</runtime>
    <language>Silent</language>
    <release_date>1900-07-04</release_date>
    <production_company>Edison Manufacturing Company</production_company>
    <director>Unknown</director>
    <writer>Unknown</writer>
    <cinematography>Unknown</cinematography>
    <budget>600</budget>
    <box_office/>
    <awards/>
  </movie>
  <movie>
    <title>Caught</title>
    <year>1900</year>
    <cast/>
    <genres>Drama</genres>
    <href/>
    <country>United States</country>
    <runtime>2</runtime>
    <language>Silent</language>
    <release_date>1900-02-20</release_date>
    <production_company>Biograph Company</production_company>
    <director>William Heise</director>
    <writer>William Heise</writer>
    <cinematography>Unknown</cinematography>
    <budget>400</budget>
    <box_office/>
    <awards/>
  </movie>
  <movie>
    <title>Clowns Spinning Hats</title>
    <year>1900</year>
    <cast>Unknown Clowns</cast>
    <genres>Silent</genres>
    <genres>Comedy</genres>
    <href>Clowns_Spinning_Hats</href>
    <extract>Clowns Spinning Hats is a black-and-white silent film featuring clowns throwing hats back and forth to each other. It was written and produced by Lubin Films and released April 7, 1900.</extract>
    <country>United States</country>
    <runtime>3</runtime>
    <language>Silent</language>
    <release_date>1900-04-07</release_date>
    <production_company>Lubin Films</production_company>
    <director>Unknown</director>
    <writer>Unknown</writer>
    <cinematography>Unknown</cinematography>
    <budget>500</budget>
    <box_office/>
    <awards/>
  </movie>
  <movie>
    <title>The Enchanted Drawing</title>
    <year>1900</year>
    <cast>J. Stuart Blackton</cast>
    <genres>Silent</genres>
    <genres>Animation</genres>
    <href>The_Enchanted_Drawing</href>
    <extract>The Enchanted Drawing is a 1900 silent film directed by J. Stuart Blackton. It is best known for containing the first animated sequences recorded on standard picture film, which has led Blackton to be considered the father of American animation.</extract>
    <thumbnail_width>320</thumbnail_width>
    <thumbnail_height>240</thumbnail_height>
    <country>United States</country>
    <runtime>2</runtime>
    <language>Silent</language>
    <release_date>1900-11-16</release_date>
    <production_company>Vitagraph Studios</production_company>
    <director>J. Stuart Blackton</director>
    <writer>J. Stuart Blackton</writer>
    <cinematography>Unknown</cinematography>
    <budget>700</budget>
    <box_office/>
    <awards/>
  </movie>
  <movie>
    <title>Feeding Sea Lions</title>
    <year>1900</year>
    <cast>Paul Boyton</cast>
    <genres>Short</genres>
    <genres>Silent</genres>
    <href>Feeding_Sea_Lions</href>
    <extract>Feeding Sea Lions is a short silent film featuring Paul Boyton feeding sea lions at his Sea Lion Park at Coney Island. Boyton is shown feeding the trained sea lions, twelve in number. The sea lions follow Boyton up the steps of the pool and then follow him back into the water. One of them steals food out of the basket. The film was made by Lubin Studios on March 10, 1900.</extract>
    <country>United States</country>
    <runtime>3</runtime>
    <language>Silent</language>
    <release_date>1900-03-10</release_date>
    <production_company>Lubin Studios</production_company>
    <director>Unknown</director>
    <writer>Unknown</writer>
    <cinematography>Unknown</cinematography>
    <budget>450</budget>
    <box_office/>
    <awards/>
  </movie>
  <movie>
    <title>A Trip to the Moon</title>
    <year>1902</year>   <!-- This movie was released after 1900. -->
    <cast>Georges Méliès</cast>
    <genres>Sci-Fi</genres>
    <genres>Adventure</genres>
    <href>A_Trip_to_the_Moon</href>
    <extract>A Trip to the Moon (French: Le Voyage dans la Lune) is a 1902 French silent film directed by Georges Méliès. It is widely regarded as the first science fiction film ever made.</extract>
    <thumbnail_width>320</thumbnail_width>
    <thumbnail_height>240</thumbnail_height>
    <country>France</country>
    <runtime>14</runtime>
    <language>Silent</language>
    <release_date>1902-09-01</release_date>
    <production_company>Star Film Company</production_company>
    <director>Georges Méliès</director>
    <writer>Georges Méliès</writer>
    <cinematography>Georges Méliès</cinematography>
    <budget>10000</budget>
    <box_office>20000</box_office>
    <awards>Considered a milestone in cinema history</awards>
  </movie>
  <movie>
    <title>The Great Train Robbery</title>
    <year>1903</year>   <!-- This movie was released after 1900. -->
    <cast>Gilbert M. Anderson</cast>
    <cast>A. C. Abadie</cast>
    <genres>Western</genres>
    <genres>Action</genres>
    <href>The_Great_Train_Robbery</href>
    <extract>The Great Train Robbery is a 1903 American silent short film directed by Edwin S. Porter. It is considered one of the earliest narrative films.</extract>
    <thumbnail_width>320</thumbnail_width>
    <thumbnail_height>240</thumbnail_height>
    <country>United States</country>
    <runtime>12</runtime>
    <language>Silent</language>
    <release_date>1903-12-01</release_date>
    <production_company>Edison Manufacturing Company</production_company>
    <director>Edwin S. Porter</director>
    <writer>Edwin S. Portere</writer>
    <cinematography>Edwin S. Porter</cinematography>
    <budget>150</budget>
    <box_office>5000</box_office>
    <awards>One of the earliest crime films</awards>
  </movie>
</movies>",modifying-task-tabular-1,True,
67d95269b47464c18da766ca,xml,"<?xml version=""1.0"" encoding=""UTF-8"" standalone=""yes""?>
<movies>
  <movie>
    <title>After Dark in Central Park</title>
    <year>1900</year>
    <cast/>
    <genres>Silent</genres>
    <genres>Short</genres>
    <href/>
    <country>United States</country>
    <runtime>3</runtime>
    <language>Silent</language>
    <release_date>1900-03-15</release_date>
    <production_company>Edison Manufacturing Company</production_company>
    <director>""James H. White""</director>
    <writer>""Unknown""</writer>
    <cinematography>Unknown</cinematography>
    <budget>500</budget>
    <box_office/>
    <awards/>
  </movie>
  <movie>
    <title>Boarding School Girls' Pajama Parade</title>
    <year>1900</year>
    <cast/>
    <genres>Silent</genres>
    <genres>Short</genres>
    <href/>
    <country>United States</country>
    <runtime>2</runtime>
    <language>Silent</language>
    <release_date>1900-05-10</release_date>
    <production_company>Edison Manufacturing Company</production_company>
    <director>""James H. White""</director>
    <writer>""Unknown""</writer>
    <cinematography>Unknown</cinematography>
    <budget>450</budget>
    <box_office/>
    <awards/>
  </movie>
  <movie>
    <title>Buffalo Bill's Wild West Parade</title>
    <year>1900</year>
    <cast>Buffalo Bill (William F. Cody)</cast>
    <genres>Documentary</genres>
    <href/>
    <country>United States</country>
    <runtime>5</runtime>
    <language>Silent</language>
    <release_date>1900-07-04</release_date>
    <production_company>Edison Manufacturing Company</production_company>
    <director>""Unknown""</director>
    <writer>""Unknown""</writer>
    <cinematography>Unknown</cinematography>
    <budget>600</budget>
    <box_office/>
    <awards/>
  </movie>
  <movie>
    <title>Caught</title>
    <year>1900</year>
    <cast/>
    <genres>Drama</genres>
    <href/>
    <country>United States</country>
    <runtime>2</runtime>
    <language>Silent</language>
    <release_date>1900-02-20</release_date>
    <production_company>Biograph Company</production_company>
    <director>""William Heise""</director>
    <writer>""Unknown""</writer>
    <cinematography>Unknown</cinematography>
    <budget>400</budget>
    <box_office/>
    <awards/>
  </movie>
  <movie>
    <title>Clowns Spinning Hats</title>
    <year>1900</year>
    <cast>Unknown Clowns</cast>
    <genres>Silent</genres>
    <genres>Comedy</genres>
    <href>Clowns_Spinning_Hats</href>
    <extract>Clowns Spinning Hats is a black-and-white silent film featuring clowns throwing hats back and forth to each other. It was written and produced by >Lubin_ Films> and released April 7, 1900.</extract>
    <country>United States</country>
    <runtime>3</runtime>
    <language>Silent</language>
    <release_date>1900-04-07</release_date>
    <production_company>Lubin Films</production_company>
    <director>""Unknown""</director>
    <writer>""Unknown""</writer>
    <cinematography>Unknown</cinematography>
    <budget>500</budget>
    <box_office/>
    <awards/>
  </movie>
  <movie>
    <title>The Enchanted Drawing</title>
    <year>1900</year>
    <cast>J. Stuart Blackton</cast>
    <genres>Silent</genres>
    <genres>Animation</genres>
    <href>The_Enchanted_Drawing</href>
    <extract>The Enchanted Drawing is a 1900 silent film directed by J. Stuart Blackton. It is best known for containing the first animated sequences recorded on standard picture film, which has led Blackton to be considered the father of American animation.</extract>
    <thumbnail_width>320</thumbnail_width>
    <thumbnail_height>240</thumbnail_height>
    <country>United States</country>
    <runtime>2</runtime>
    <language>Silent</language>
    <release_date>1900-11-16</release_date>
    <production_company>Vitagraph Studios</production_company>
    <director>J. ""Stuart Blackton""""</director>
    <writer>J. ""Stuart Blackton""</writer>
    <cinematography>Unknown</cinematography>
    <budget>700</budget>
    <box_office/>
    <awards/>
  </movie>
  <movie>
    <title>Feeding Sea Lions</title>
    <year>1900</year>
    <cast>Paul Boyton</cast>
    <genres>Short</genres>
    <genres>Silent</genres>
    <href>Feeding_Sea_Lions</href>
    <extract>Feeding Sea Lions is a short silent film featuring Paul Boyton feeding sea lions at his Sea Lion Park at Coney Island. Boyton is shown feeding the trained sea lions, twelve in number. The sea lions follow Boyton up the steps of the pool and then follow him back into the water. One of them steals food out of the basket. The film was made by Lubin Studios on March 10, 1900.</extract>
    <country>United States</country>
    <runtime>3</runtime>
    <language>Silent</language>
    <release_date>1900-03-10</release_date>
    <production_company>Lubin Studios</production_company>
    <director>Unknown</director>
    <writer>""Unknown""</writer>
    <cinematography>Unknown</cinematography>
    <budget>450</budget>
    <box_office/>
    <awards/>
  </movie>
  <movie>
    <title>A Trip to the Moon</title>
    <year>1902</year>   <!-- This movie was released after 1900. -->
    <cast>""Georges Méliès""</cast>
    <genres>Sci-Fi</genres>
    <genres>Adventure</genres>
    <href>A_Trip_to_the_Moon</href>
    <extract>A Trip to the Moon (French: Le Voyage dans la Lune) is a 1902 French silent film directed by Georges Méliès. It is widely regarded as the first science fiction film ever made.</extract>
    <thumbnail_width>320</thumbnail_width>
    <thumbnail_height>240</thumbnail_height>
    <country>France</country>
    <runtime>14</runtime>
    <language>Silent</language>
    <release_date>1902-09-01</release_date>
    <production_company>Star Film Company</production_company>
    <director>""Georges Méliès""</director>
    <writer>""Georges Méliès""</writer>
    <cinematography>Georges Méliès</cinematography>
    <budget>10000</budget>
    <box_office>20000</box_office>
    <awards>Considered a milestone in cinema history</awards>
  </movie>
  <movie>
    <title>The Great Train Robbery</title>
    <year>1903</year>   <!-- This movie was released after 1900. -->
    <cast>Gilbert M. Anderson</cast>
    <cast>A. C. Abadie</cast>
    <genres>Western</genres>
    <genres>Action</genres>
    <href>The_Great_Train_Robbery</href>
    <extract>The Great Train Robbery is a 1903 American silent short film directed by Edwin S. Porter. It is considered one of the earliest narrative films.</extract>
    <thumbnail_width>320</thumbnail_width>
    <thumbnail_height>240</thumbnail_height>
    <country>United States</country>
    <runtime>12</runtime>
    <language>Silent</language>
    <release_date>1903-12-01</release_date>
    <production_company>Edison Manufacturing Company</production_company>
    <director>Edwin S. Porter</director>
    <writer>""Scott Marble""</writer>
    <cinematography>Edwin S. Porter</cinematography>
    <budget>150</budget>
    <box_office>5000</box_office>
    <awards>One of the earliest crime films</awards>
  </movie>
</movies>",modifying-task-tabular-1,True,
6740ae39809389d7da9de209,xml,"<?xml version=""1.0"" encoding=""UTF-8"" standalone=""yes""?>
<movies>
  <movie>
    <title>After Dark in Central Park</title>
    <year>1900</year>
    <cast/>
    <genres>Silent</genres>
    <genres>Short</genres>
    <href/>
    <country>United States</country>
    <runtime>3</runtime>
    <language>Silent</language>
    <release_date>1900-03-15</release_date>
    <production_company>Edison Manufacturing Company</production_company>
    <director>James H. White</director>
    <writer>James H. White</writer></writer>
    <cinematography>Unknown</cinematography>
    <budget>500</budget>
    <box_office/>
    <awards/>
  </movie>
  <movie>
    <title>Boarding School Girls' Pajama Parade</title>
    <year>1900</year>
    <cast/>
    <genres>Silent</genres>
    <genres>Short</genres>
    <href/>
    <country>United States</country>
    <runtime>2</runtime>
    <language>Silent</language>
    <release_date>1900-05-10</release_date>
    <production_company>Edison Manufacturing Company</production_company>
    <director>James H. White</director>
    <writer>James H. White</writer>
    <cinematography>Unknown</cinematography>
    <budget>450</budget>
    <box_office/>
    <awards/>
  </movie>
  <movie>
    <title>Buffalo Bill's Wild West Parade</title>
    <year>1900</year>
    <cast>Buffalo Bill (William F. Cody)</cast>
    <genres>Documentary</genres>
    <href/>
    <country>United States</country>
    <runtime>5</runtime>
    <language>Silent</language>
    <release_date>1900-07-04</release_date>
    <production_company>Edison Manufacturing Company</production_company>
    <director>Unknown</director>
    <writer>Unknown</writer>
    <cinematography>Unknown</cinematography>
    <budget>600</budget>
    <box_office/>
    <awards/>
  </movie>
  <movie>
    <title>Caught</title>
    <year>1900</year>
    <cast/>
    <genres>Drama</genres>
    <href/>
    <country>United States</country>
    <runtime>2</runtime>
    <language>Silent</language>
    <release_date>1900-02-20</release_date>
    <production_company>Biograph Company</production_company>
    <director>William Heise</director>
    <writer>William Heise</writer>
    <cinematography>Unknown</cinematography>
    <budget>400</budget>
    <box_office/>
    <awards/>
  </movie>
  <movie>
    <title>Clowns Spinning Hats</title>
    <year>1900</year>
    <cast>Unknown Clowns</cast>
    <genres>Silent</genres>
    <genres>Comedy</genres>
    <href>Clowns_Spinning_Hats</href>
    <extract>Clowns Spinning Hats is a black-and-white silent film featuring clowns throwing hats back and forth to each other. It was written and produced by Lubin Films and released April 7, 1900.</extract>
    <country>United States</country>
    <runtime>3</runtime>
    <language>Silent</language>
    <release_date>1900-04-07</release_date>
    <production_company>Lubin Films</production_company>
    <director>Unknown</director>
    <writer>Unknown</writer>
    <cinematography>Unknown</cinematography>
    <budget>500</budget>
    <box_office/>
    <awards/>
  </movie>
  <movie>
    <title>The Enchanted Drawing</title>
    <year>1900</year>
    <cast>J. Stuart Blackton</cast>
    <genres>Silent</genres>
    <genres>Animation</genres>
    <href>The_Enchanted_Drawing</href>
    <extract>The Enchanted Drawing is a 1900 silent film directed by J. Stuart Blackton. It is best known for containing the first animated sequences recorded on standard picture film, which has led Blackton to be considered the father of American animation.</extract>
    <thumbnail_width>320</thumbnail_width>
    <thumbnail_height>240</thumbnail_height>
    <country>United States</country>
    <runtime>2</runtime>
    <language>Silent</language>
    <release_date>1900-11-16</release_date>
    <production_company>Vitagraph Studios</production_company>
    <director>J. Stuart Blackton</director>
    <writer>J. Stuart Blackton</writer>
    <cinematography>Unknown</cinematography>
    <budget>700</budget>
    <box_office/>
    <awards/>
  </movie>
  <movie>
    <title>Feeding Sea Lions</title>
    <year>1900</year>
    <cast>Paul Boyton</cast>
    <genres>Short</genres>
    <genres>Silent</genres>
    <href>Feeding_Sea_Lions</href>
    <extract>Feeding Sea Lions is a short silent film featuring Paul Boyton feeding sea lions at his Sea Lion Park at Coney Island. Boyton is shown feeding the trained sea lions, twelve in number. The sea lions follow Boyton up the steps of the pool and then follow him back into the water. One of them steals food out of the basket. The film was made by Lubin Studios on March 10, 1900.</extract>
    <country>United States</country>
    <runtime>3</runtime>
    <language>Silent</language>
    <release_date>1900-03-10</release_date>
    <production_company>Lubin Studios</production_company>
    <director>Unknown</director>
    <writer>Unknown</writer>
    <cinematography>Unknown</cinematography>
    <budget>450</budget>
    <box_office/>
    <awards/>
  </movie>
  <movie>
    <title>A Trip to the Moon</title>
    <year>1902</year>   <!-- This movie was released after 1900. -->
    <cast>Georges Méliès</cast>
    <genres>Sci-Fi</genres>
    <genres>Adventure</genres>
    <href>A_Trip_to_the_Moon</href>
    <extract>A Trip to the Moon (French: Le Voyage dans la Lune) is a 1902 French silent film directed by Georges Méliès. It is widely regarded as the first science fiction film ever made.</extract>
    <thumbnail_width>320</thumbnail_width>
    <thumbnail_height>240</thumbnail_height>
    <country>France</country>
    <runtime>14</runtime>
    <language>Silent</language>
    <release_date>1902-09-01</release_date>
    <production_company>Star Film Company</production_company>
    <director>Georges Méliès</director>
    <writer>Georges Méliès</writer>
    <cinematography>Georges Méliès</cinematography>
    <budget>10000</budget>
    <box_office>20000</box_office>
    <awards>Considered a milestone in cinema history</awards>
  </movie>
  <movie>
    <title>The Great Train Robbery</title>
    <year>1903</year>   <!-- This movie was released after 1900. -->
    <cast>Gilbert M. Anderson</cast>
    <cast>A. C. Abadie</cast>
    <genres>Western</genres>
    <genres>Action</genres>
    <href>The_Great_Train_Robbery</href>
    <extract>The Great Train Robbery is a 1903 American silent short film directed by Edwin S. Porter. It is considered one of the earliest narrative films.</extract>
    <thumbnail_width>320</thumbnail_width>
    <thumbnail_height>240</thumbnail_height>
    <country>United States</country>
    <runtime>12</runtime>
    <language>Silent</language>
    <release_date>1903-12-01</release_date>
    <production_company>Edison Manufacturing Company</production_company>
    <director>Edwin S. Porter</director>
    <writer>Edwin S. Porter</writer>
    <cinematography>Edwin S. Porter</cinematography>
    <budget>150</budget>
    <box_office>5000</box_office>
    <awards>One of the earliest crime films</awards>
  </movie>
</movies>",modifying-task-tabular-1,True,
62fd14d7b1e0729dc8aadb79,xml,"<?xml version=""1.0"" encoding=""UTF-8"" standalone=""yes""?>
<movies>
  <movie>
    <title>After Dark in Central Park</title>
    <year>1900</year>
    <cast/>
    <genres>Silent</genres>
    <genres>Short</genres>
    <href/>
    <country>United States</country>
    <runtime>3</runtime>
    <language>Silent</language>
    <release_date>1900-03-15</release_date>
    <production_company>Edison Manufacturing Company</production_company>
    <director>James H. White</director>
    <writer>James H. White</writer>
    <cinematography>Unknown</cinematography>
    <budget>500</budget>
    <box_office/>
    <awards/>
  </movie>
  <movie>
    <title>Boarding School Girls' Pajama Parade</title>
    <year>1900</year>
    <cast/>
    <genres>Silent</genres>
    <genres>Short</genres>
    <href/>
    <country>United States</country>
    <runtime>2</runtime>
    <language>Silent</language>
    <release_date>1900-05-10</release_date>
    <production_company>Edison Manufacturing Company</production_company>
    <director>James H. White</director>
    <writer>James H. White</writer>
    <cinematography>Unknown</cinematography>
    <budget>450</budget>
    <box_office/>
    <awards/>
  </movie>
  <movie>
    <title>Buffalo Bill's Wild West Parade</title>
    <year>1900</year>
    <cast>Buffalo Bill (William F. Cody)</cast>
    <genres>Documentary</genres>
    <href/>
    <country>United States</country>
    <runtime>5</runtime>
    <language>Silent</language>
    <release_date>1900-07-04</release_date>
    <production_company>Edison Manufacturing Company</production_company>
    <director>Unknown</director>
    <writer>Unknown</writer>
    <cinematography>Unknown</cinematography>
    <budget>600</budget>
    <box_office/>
    <awards/>
  </movie>
  <movie>
    <title>Caught</title>
    <year>1900</year>
    <cast/>
    <genres>Drama</genres>
    <href/>
    <country>United States</country>
    <runtime>2</runtime>
    <language>Silent</language>
    <release_date>1900-02-20</release_date>
    <production_company>Biograph Company</production_company>
    <director>William Heise</director>
    <writer>William Heise</writer>
    <cinematography>Unknown</cinematography>
    <budget>400</budget>
    <box_office/>
    <awards/>
  </movie>
  <movie>
    <title>Clowns Spinning Hats</title>
    <year>1900</year>
    <cast>Unknown Clowns</cast>
    <genres>Silent</genres>
    <genres>Comedy</genres>
    <href>Clowns_Spinning_Hats</href>
    <extract>Clowns Spinning Hats is a black-and-white silent film featuring clowns throwing hats back and forth to each other. It was written and produced by Lubin Films and released April 7, 1900.</extract>
    <country>United States</country>
    <runtime>3</runtime>
    <language>Silent</language>
    <release_date>1900-04-07</release_date>
    <production_company>Lubin Films</production_company>
    <director>Unknown</director>
    <writer>Unknown</writer>
    <cinematography>Unknown</cinematography>
    <budget>500</budget>
    <box_office/>
    <awards/>
  </movie>
  <movie>
    <title>The Enchanted Drawing</title>
    <year>1900</year>
    <cast>J. Stuart Blackton</cast>
    <genres>Silent</genres>
    <genres>Animation</genres>
    <href>The_Enchanted_Drawing</href>
    <extract>The Enchanted Drawing is a 1900 silent film directed by J. Stuart Blackton. It is best known for containing the first animated sequences recorded on standard picture film, which has led Blackton to be considered the father of American animation.</extract>
    <thumbnail_width>320</thumbnail_width>
    <thumbnail_height>240</thumbnail_height>
    <country>United States</country>
    <runtime>2</runtime>
    <language>Silent</language>
    <release_date>1900-11-16</release_date>
    <production_company>Vitagraph Studios</production_company>
    <director>J. Stuart Blackton</director>
    <writer>J. Stuart Blackton</writer>
    <cinematography>Unknown</cinematography>
    <budget>700</budget>
    <box_office/>
    <awards/>
  </movie>
  <movie>
    <title>Feeding Sea Lions</title>
    <year>1900</year>
    <cast>Paul Boyton</cast>
    <genres>Short</genres>
    <genres>Silent</genres>
    <href>Feeding_Sea_Lions</href>
    <extract>Feeding Sea Lions is a short silent film featuring Paul Boyton feeding sea lions at his Sea Lion Park at Coney Island. Boyton is shown feeding the trained sea lions, twelve in number. The sea lions follow Boyton up the steps of the pool and then follow him back into the water. One of them steals food out of the basket. The film was made by Lubin Studios on March 10, 1900.</extract>
    <country>United States</country>
    <runtime>3</runtime>
    <language>Silent</language>
    <release_date>1900-03-10</release_date>
    <production_company>Lubin Studios</production_company>
    <director>Unknown</director>
    <writer>Unknown</writer>
    <cinematography>Unknown</cinematography>
    <budget>450</budget>
    <box_office/>
    <awards/>
  </movie>
  <movie>
    <title>A Trip to the Moon</title>
    <year>1902</year>   <!-- This movie was released after 1900. -->
    <cast>Georges Méliès</cast>
    <genres>Sci-Fi</genres>
    <genres>Adventure</genres>
    <href>A_Trip_to_the_Moon</href>
    <extract>A Trip to the Moon (French: Le Voyage dans la Lune) is a 1902 French silent film directed by Georges Méliès. It is widely regarded as the first science fiction film ever made.</extract>
    <thumbnail_width>320</thumbnail_width>
    <thumbnail_height>240</thumbnail_height>
    <country>France</country>
    <runtime>14</runtime>
    <language>Silent</language>
    <release_date>1902-09-01</release_date>
    <production_company>Star Film Company</production_company>
    <director>Georges Méliès</director>
    <writer>Georges Méliès</writer>
    <cinematography>Georges Méliès</cinematography>
    <budget>10000</budget>
    <box_office>20000</box_office>
    <awards>Considered a milestone in cinema history</awards>
  </movie>
  <movie>
    <title>The Great Train Robbery</title>
    <year>1903</year>   <!-- This movie was released after 1900. -->
    <cast>Gilbert M. Anderson</cast>
    <cast>A. C. Abadie</cast>
    <genres>Western</genres>
    <genres>Action</genres>
    <href>The_Great_Train_Robbery</href>
    <extract>The Great Train Robbery is a 1903 American silent short film directed by Edwin S. Porter. It is considered one of the earliest narrative films.</extract>
    <thumbnail_width>320</thumbnail_width>
    <thumbnail_height>240</thumbnail_height>
    <country>United States</country>
    <runtime>12</runtime>
    <language>Silent</language>
    <release_date>1903-12-01</release_date>
    <production_company>Edison Manufacturing Company</production_company>
    <director>Edwin S. Porter</director>
    <writer>Edwin S. Porter</writer>
    <cinematography>Edwin S. Porter</cinematography>
    <budget>150</budget>
    <box_office>5000</box_office>
    <awards>One of the earliest crime films</awards>
  </movie>
</movies>",modifying-task-tabular-1,True,
677c52fe648cd68583dd3b1e,xml,"<?xml version=""1.0"" encoding=""UTF-8"" standalone=""yes""?>
<movies>
  <movie>
    <title>After Dark in Central Park</title>
    <year>1900</year>
    <cast/>
    <genres>Silent</genres>
    <genres>Short</genres>
    <href/>
    <country>United States</country>
    <runtime>3</runtime>
    <language>Silent</language>
    <release_date>1900-03-15</release_date>
    <production_company>Edison Manufacturing Company</production_company>
    <director>James H. White</director>
    <writer>James H. White</writer>
    <cinematography>Unknown</cinematography>
    <budget>500</budget>
    <box_office/>
    <awards/>
  </movie>
  <movie>
    <title>Boarding School Girls' Pajama Parade</title>
    <year>1900</year>
    <cast/>
    <genres>Silent</genres>
    <genres>Short</genres>
    <href/>
    <country>United States</country>
    <runtime>2</runtime>
    <language>Silent</language>
    <release_date>1900-05-10</release_date>
    <production_company>Edison Manufacturing Company</production_company>
    <director>James H. White</director>
    <writer>James H. White</writer>
    <cinematography>Unknown</cinematography>
    <budget>450</budget>
    <box_office/>
    <awards/>
  </movie>
  <movie>
    <title>Buffalo Bill's Wild West Parade</title>
    <year>1900</year>
    <cast>Buffalo Bill (William F. Cody)</cast>
    <genres>Documentary</genres>
    <href/>
    <country>United States</country>
    <runtime>5</runtime>
    <language>Silent</language>
    <release_date>1900-07-04</release_date>
    <production_company>Edison Manufacturing Company</production_company>
    <director>Unknown</director>
    <writer>Unknown</writer>
    <cinematography>Unknown</cinematography>
    <budget>600</budget>
    <box_office/>
    <awards/>
  </movie>
  <movie>
    <title>Caught</title>
    <year>1900</year>
    <cast/>
    <genres>Drama</genres>
    <href/>
    <country>United States</country>
    <runtime>2</runtime>
    <language>Silent</language>
    <release_date>1900-02-20</release_date>
    <production_company>Biograph Company</production_company>
    <director>William Heise</director>
    <writer>William Heise</writer>
    <cinematography>Unknown</cinematography>
    <budget>400</budget>
    <box_office/>
    <awards/>
  </movie>
  <movie>
    <title>Clowns Spinning Hats</title>
    <year>1900</year>
    <cast>Unknown Clowns</cast>
    <genres>Silent</genres>
    <genres>Comedy</genres>
    <href>Clowns_Spinning_Hats</href>
    <extract>Clowns Spinning Hats is a black-and-white silent film featuring clowns throwing hats back and forth to each other. It was written and produced by Lubin Films and released April 7, 1900.</extract>
    <country>United States</country>
    <runtime>3</runtime>
    <language>Silent</language>
    <release_date>1900-04-07</release_date>
    <production_company>Lubin Films</production_company>
    <director>Unknown</director>
    <writer>Unknown</writer>
    <cinematography>Unknown</cinematography>
    <budget>500</budget>
    <box_office/>
    <awards/>
  </movie>
  <movie>
    <title>The Enchanted Drawing</title>
    <year>1900</year>
    <cast>J. Stuart Blackton</cast>
    <genres>Silent</genres>
    <genres>Animation</genres>
    <href>The_Enchanted_Drawing</href>
    <extract>The Enchanted Drawing is a 1900 silent film directed by J. Stuart Blackton. It is best known for containing the first animated sequences recorded on standard picture film, which has led Blackton to be considered the father of American animation.</extract>
    <thumbnail_width>320</thumbnail_width>
    <thumbnail_height>240</thumbnail_height>
    <country>United States</country>
    <runtime>2</runtime>
    <language>Silent</language>
    <release_date>1900-11-16</release_date>
    <production_company>Vitagraph Studios</production_company>
    <director>J. Stuart Blackton</director>
    <writer>J. Stuart Blackton</writer>
    <cinematography>Unknown</cinematography>
    <budget>700</budget>
    <box_office/>
    <awards/>
  </movie>
  <movie>
    <title>Feeding Sea Lions</title>
    <year>1900</year>
    <cast>Paul Boyton</cast>
    <genres>Short</genres>
    <genres>Silent</genres>
    <href>Feeding_Sea_Lions</href>
    <extract>Feeding Sea Lions is a short silent film featuring Paul Boyton feeding sea lions at his Sea Lion Park at Coney Island. Boyton is shown feeding the trained sea lions, twelve in number. The sea lions follow Boyton up the steps of the pool and then follow him back into the water. One of them steals food out of the basket. The film was made by Lubin Studios on March 10, 1900.</extract>
    <country>United States</country>
    <runtime>3</runtime>
    <language>Silent</language>
    <release_date>1900-03-10</release_date>
    <production_company>Lubin Studios</production_company>
    <director>Unknown</director>
    <writer>Unknown</writer>
    <cinematography>Unknown</cinematography>
    <budget>450</budget>
    <box_office/>
    <awards/>
  </movie>
  <movie>
    <title>A Trip to the Moon</title>
    <year>1902</year>   <!-- This movie was released after 1900. -->
    <cast>Georges Méliès</cast>
    <genres>Sci-Fi</genres>
    <genres>Adventure</genres>
    <href>A_Trip_to_the_Moon</href>
    <extract>A Trip to the Moon (French: Le Voyage dans la Lune) is a 1902 French silent film directed by Georges Méliès. It is widely regarded as the first science fiction film ever made.</extract>
    <thumbnail_width>320</thumbnail_width>
    <thumbnail_height>240</thumbnail_height>
    <country>France</country>
    <runtime>14</runtime>
    <language>Silent</language>
    <release_date>1902-09-01</release_date>
    <production_company>Star Film Company</production_company>
    <director>Georges Méliès</director>
    <writer>Georges Méliès</writer>
    <cinematography>Georges Méliès</cinematography>
    <budget>10000</budget>
    <box_office>20000</box_office>
    <awards>Considered a milestone in cinema history</awards>
  </movie>
  <movie>
    <title>The Great Train Robbery</title>
    <year>1903</year>   <!-- This movie was released after 1900. -->
    <cast>Gilbert M. Anderson</cast>
    <cast>A. C. Abadie</cast>
    <genres>Western</genres>
    <genres>Action</genres>
    <href>The_Great_Train_Robbery</href>
    <extract>The Great Train Robbery is a 1903 American silent short film directed by Edwin S. Porter. It is considered one of the earliest narrative films.</extract>
    <thumbnail_width>320</thumbnail_width>
    <thumbnail_height>240</thumbnail_height>
    <country>United States</country>
    <runtime>12</runtime>
    <language>Silent</language>
    <release_date>1903-12-01</release_date>
    <production_company>Edison Manufacturing Company</production_company>
    <director>Edwin S. Porter</director>
    <writer>Scott Marble</writer>
    <cinematography>Edwin S. Porter</cinematography>
    <budget>150</budget>
    <box_office>5000</box_office>
    <awards>One of the earliest crime films</awards>
  </movie>
</movies>",modifying-task-tabular-1,True,
67eff2b1a264260e948a4d14,xml,"<?xml version=""1.0"" encoding=""UTF-8"" standalone=""yes""?>
<movies>
  <movie>
    <title>After Dark in Central Park</title>
    <year>1900</year>
    <cast/>
    <genres>Silent</genres>
    <genres>Short</genres>
    <href/>
    <country>United States</country>
    <runtime>3</runtime>
    <language>Silent</language>
    <release_date>1900-03-15</release_date>
    <production_company>Edison Manufacturing Company</production_company>
    <director>James H. White</director>
    <writer>James H. White</writer>
    <cinematography>Unknown</cinematography>
    <budget>500</budget>
    <box_office/>
    <awards/>
  </movie>
  <movie>
    <title>Boarding School Girls' Pajama Parade</title>
    <year>1900</year>
    <cast/>
    <genres>Silent</genres>
    <genres>Short</genres>
    <href/>
    <country>United States</country>
    <runtime>2</runtime>
    <language>Silent</language>
    <release_date>1900-05-10</release_date>
    <production_company>Edison Manufacturing Company</production_company>
    <director>James H. White</director>
    <writer>James H. White</writer>
    <cinematography>Unknown</cinematography>
    <budget>450</budget>
    <box_office/>
    <awards/>
  </movie>
  <movie>
    <title>Buffalo Bill's Wild West Parade</title>
    <year>1900</year>
    <cast>Buffalo Bill (William F. Cody)</cast>
    <genres>Documentary</genres>
    <href/>
    <country>United States</country>
    <runtime>5</runtime>
    <language>Silent</language>
    <release_date>1900-07-04</release_date>
    <production_company>Edison Manufacturing Company</production_company>
    <director>Unknown</director>
    <writer>Unknown</writer>
    <cinematography>Unknown</cinematography>
    <budget>600</budget>
    <box_office/>
    <awards/>
  </movie>
  <movie>
    <title>Caught</title>
    <year>1900</year>
    <cast/>
    <genres>Drama</genres>
    <href/>
    <country>United States</country>
    <runtime>2</runtime>
    <language>Silent</language>
    <release_date>1900-02-20</release_date>
    <production_company>Biograph Company</production_company>
    <director>William Heise</director>
    <writer>William Heise</writer>
    <cinematography>Unknown</cinematography>
    <budget>400</budget>
    <box_office/>
    <awards/>
  </movie>
  <movie>
    <title>Clowns Spinning Hats</title>
    <year>1900</year>
    <cast>Unknown Clowns</cast>
    <genres>Silent</genres>
    <genres>Comedy</genres>
    <href>Clowns_Spinning_Hats</href>
    <extract>Clowns Spinning Hats is a black-and-white silent film featuring clowns throwing hats back and forth to each other. It was written and produced by Lubin Films and released April 7, 1900.</extract>
    <country>United States</country>
    <runtime>3</runtime>
    <language>Silent</language>
    <release_date>1900-04-07</release_date>
    <production_company>Lubin Films</production_company>
    <director>Unknown</director>
    <writer>Unknown</writer>
    <cinematography>Unknown</cinematography>
    <budget>500</budget>
    <box_office/>
    <awards/>
  </movie>
  <movie>
    <title>The Enchanted Drawing</title>
    <year>1900</year>
    <cast>J. Stuart Blackton</cast>
    <genres>Silent</genres>
    <genres>Animation</genres>
    <href>The_Enchanted_Drawing</href>
    <extract>The Enchanted Drawing is a 1900 silent film directed by J. Stuart Blackton. It is best known for containing the first animated sequences recorded on standard picture film, which has led Blackton to be considered the father of American animation.</extract>
    <thumbnail_width>320</thumbnail_width>
    <thumbnail_height>240</thumbnail_height>
    <country>United States</country>
    <runtime>2</runtime>
    <language>Silent</language>
    <release_date>1900-11-16</release_date>
    <production_company>Vitagraph Studios</production_company>
    <director>J. Stuart Blackton</director>
    <writer>J. Stuart Blackton</writer>
    <cinematography>Unknown</cinematography>
    <budget>700</budget>
    <box_office/>
    <awards/>
  </movie>
  <movie>
    <title>Feeding Sea Lions</title>
    <year>1900</year>
    <cast>Paul Boyton</cast>
    <genres>Short</genres>
    <genres>Silent</genres>
    <href>Feeding_Sea_Lions</href>
    <extract>Feeding Sea Lions is a short silent film featuring Paul Boyton feeding sea lions at his Sea Lion Park at Coney Island. Boyton is shown feeding the trained sea lions, twelve in number. The sea lions follow Boyton up the steps of the pool and then follow him back into the water. One of them steals food out of the basket. The film was made by Lubin Studios on March 10, 1900.</extract>
    <country>United States</country>
    <runtime>3</runtime>
    <language>Silent</language>
    <release_date>1900-03-10</release_date>
    <production_company>Lubin Studios</production_company>
    <director>Unknown</director>
    <writer>Unknown</writer>
    <cinematography>Unknown</cinematography>
    <budget>450</budget>
    <box_office/>
    <awards/>
  </movie>
  <movie>
    <title>A Trip to the Moon</title>
    <year>1902</year>   <!-- This movie was released after 1900. -->
    <cast>Georges Méliès</cast>
    <genres>Sci-Fi</genres>
    <genres>Adventure</genres>
    <href>A_Trip_to_the_Moon</href>
    <extract>A Trip to the Moon (French: Le Voyage dans la Lune) is a 1902 French silent film directed by Georges Méliès. It is widely regarded as the first science fiction film ever made.</extract>
    <thumbnail_width>320</thumbnail_width>
    <thumbnail_height>240</thumbnail_height>
    <country>France</country>
    <runtime>14</runtime>
    <language>Silent</language>
    <release_date>1902-09-01</release_date>
    <production_company>Star Film Company</production_company>
    <director>Georges Méliès</director>
    <writer>Georges Méliès</writer>
    <cinematography>Georges Méliès</cinematography>
    <budget>10000</budget>
    <box_office>20000</box_office>
    <awards>Considered a milestone in cinema history</awards>
  </movie>
  <movie>
    <title>The Great Train Robbery</title>
    <year>1903</year>   <!-- This movie was released after 1900. -->
    <cast>Gilbert M. Anderson</cast>
    <cast>A. C. Abadie</cast>
    <genres>Western</genres>
    <genres>Action</genres>
    <href>The_Great_Train_Robbery</href>
    <extract>The Great Train Robbery is a 1903 American silent short film directed by Edwin S. Porter. It is considered one of the earliest narrative films.</extract>
    <thumbnail_width>320</thumbnail_width>
    <thumbnail_height>240</thumbnail_height>
    <country>United States</country>
    <runtime>12</runtime>
    <language>Silent</language>
    <release_date>1903-12-01</release_date>
    <production_company>Edison Manufacturing Company</production_company>
    <director>Edwin S. Porter</director>
    <writer>Edwin S. Porter</writer>
    <cinematography>Edwin S. Porter</cinematography>
    <budget>150</budget>
    <box_office>5000</box_office>
    <awards>One of the earliest crime films</awards>
  </movie>
</movies>",modifying-task-tabular-1,True,
6501c0a2e788b5556c24569d,xml,"<?xml version=""1.0"" encoding=""UTF-8"" standalone=""yes""?>
<movies>
  <movie>
    <title>After Dark in Central Park</title>
    <year>1900</year>
    <cast/>
    <genres>Silent</genres>
    <genres>Short</genres>
    <href/>
    <country>United States</country>
    <runtime>3</runtime>
    <language>Silent</language>
    <release_date>1900-03-15</release_date>
    <production_company>Edison Manufacturing Company</production_company>
    <director>James H. White</director>
    <writer>James H. White</writer>
    <cinematography>Unknown</cinematography>
    <budget>500</budget>
    <box_office/>
    <awards/>
  </movie>
  <movie>
    <title>Boarding School Girls' Pajama Parade</title>
    <year>1900</year>
    <cast/>
    <genres>Silent</genres>
    <genres>Short</genres>
    <href/>
    <country>United States</country>
    <runtime>2</runtime>
    <language>Silent</language>
    <release_date>1900-05-10</release_date>
    <production_company>Edison Manufacturing Company</production_company>
    <director>James H. White</director>
    <writer>James H. White</writer>
    <cinematography>Unknown</cinematography>
    <budget>450</budget>
    <box_office/>
    <awards/>
  </movie>
  <movie>
    <title>Buffalo Bill's Wild West Parade</title>
    <year>1900</year>
    <cast>Buffalo Bill (William F. Cody)</cast>
    <genres>Documentary</genres>
    <href/>
    <country>United States</country>
    <runtime>5</runtime>
    <language>Silent</language>
    <release_date>1900-07-04</release_date>
    <production_company>Edison Manufacturing Company</production_company>
    <director>Unknown</director>
    <writer>Unknown</writer>
    <cinematography>Unknown</cinematography>
    <budget>600</budget>
    <box_office/>
    <awards/>
  </movie>
  <movie>
    <title>Caught</title>
    <year>1900</year>
    <cast/>
    <genres>Drama</genres>
    <href/>
    <country>United States</country>
    <runtime>2</runtime>
    <language>Silent</language>
    <release_date>1900-02-20</release_date>
    <production_company>Biograph Company</production_company>
    <director>William Heise</director>
    <writer>William Heise</writer>
    <cinematography>Unknown</cinematography>
    <budget>400</budget>
    <box_office/>
    <awards/>
  </movie>
  <movie>
    <title>Clowns Spinning Hats</title>
    <year>1900</year>
    <cast>Unknown Clowns</cast>
    <genres>Silent</genres>
    <genres>Comedy</genres>
    <href>Clowns_Spinning_Hats</href>
    <extract>Clowns Spinning Hats is a black-and-white silent film featuring clowns throwing hats back and forth to each other. It was written and produced by Lubin Films and released April 7, 1900.</extract>
    <country>United States</country>
    <runtime>3</runtime>
    <language>Silent</language>
    <release_date>1900-04-07</release_date>
    <production_company>Lubin Films</production_company>
    <director>Unknown</director>
    <writer>Unknown</writer>
    <cinematography>Unknown</cinematography>
    <budget>500</budget>
    <box_office/>
    <awards/>
  </movie>
  <movie>
    <title>The Enchanted Drawing</title>
    <year>1900</year>
    <cast>J. Stuart Blackton</cast>
    <genres>Silent</genres>
    <genres>Animation</genres>
    <href>The_Enchanted_Drawing</href>
    <extract>The Enchanted Drawing is a 1900 silent film directed by J. Stuart Blackton. It is best known for containing the first animated sequences recorded on standard picture film, which has led Blackton to be considered the father of American animation.</extract>
    <thumbnail_width>320</thumbnail_width>
    <thumbnail_height>240</thumbnail_height>
    <country>United States</country>
    <runtime>2</runtime>
    <language>Silent</language>
    <release_date>1900-11-16</release_date>
    <production_company>Vitagraph Studios</production_company>
    <director>J. Stuart Blackton</director>
    <writer>J. Stuart Blackton</writer>
    <cinematography>Unknown</cinematography>
    <budget>700</budget>
    <box_office/>
    <awards/>
  </movie>
  <movie>
    <title>Feeding Sea Lions</title>
    <year>1900</year>
    <cast>Paul Boyton</cast>
    <genres>Short</genres>
    <genres>Silent</genres>
    <href>Feeding_Sea_Lions</href>
    <extract>Feeding Sea Lions is a short silent film featuring Paul Boyton feeding sea lions at his Sea Lion Park at Coney Island. Boyton is shown feeding the trained sea lions, twelve in number. The sea lions follow Boyton up the steps of the pool and then follow him back into the water. One of them steals food out of the basket. The film was made by Lubin Studios on March 10, 1900.</extract>
    <country>United States</country>
    <runtime>3</runtime>
    <language>Silent</language>
    <release_date>1900-03-10</release_date>
    <production_company>Lubin Studios</production_company>
    <director>Unknown</director>
    <writer>Unknown</writer>
    <cinematography>Unknown</cinematography>
    <budget>450</budget>
    <box_office/>
    <awards/>
  </movie>
  <movie>
    <title>A Trip to the Moon</title>
    <year>1902</year>   <!-- This movie was released after 1900. -->
    <cast>Georges Méliès</cast>
    <genres>Sci-Fi</genres>
    <genres>Adventure</genres>
    <href>A_Trip_to_the_Moon</href>
    <extract>A Trip to the Moon (French: Le Voyage dans la Lune) is a 1902 French silent film directed by Georges Méliès. It is widely regarded as the first science fiction film ever made.</extract>
    <thumbnail_width>320</thumbnail_width>
    <thumbnail_height>240</thumbnail_height>
    <country>France</country>
    <runtime>14</runtime>
    <language>Silent</language>
    <release_date>1902-09-01</release_date>
    <production_company>Star Film Company</production_company>
    <director>Georges Méliès</director>
    <writer>Georges Méliès</writer>
    <cinematography>Georges Méliès</cinematography>
    <budget>10000</budget>
    <box_office>20000</box_office>
    <awards>Considered a milestone in cinema history</awards>
  </movie>
  <movie>
    <title>The Great Train Robbery</title>
    <year>1903</year>   <!-- This movie was released after 1900. -->
    <cast>Gilbert M. Anderson</cast>
    <cast>A. C. Abadie</cast>
    <genres>Western</genres>
    <genres>Action</genres>
    <href>The_Great_Train_Robbery</href>
    <extract>The Great Train Robbery is a 1903 American silent short film directed by Edwin S. Porter. It is considered one of the earliest narrative films.</extract>
    <thumbnail_width>320</thumbnail_width>
    <thumbnail_height>240</thumbnail_height>
    <country>United States</country>
    <runtime>12</runtime>
    <language>Silent</language>
    <release_date>1903-12-01</release_date>
    <production_company>Edison Manufacturing Company</production_company>
    <director>Edwin S. Porter</director>
    <writer>Edwin S. Porter</writer>
    <cinematography>Edwin S. Porter</cinematography>
    <budget>150</budget>
    <box_office>5000</box_office>
    <awards>One of the earliest crime films</awards>
  </movie>
</movies>",modifying-task-tabular-1,True,
66bb6b7e0ccbed81f3ed30a8,xml,"<?xml version=""1.0"" encoding=""UTF-8"" standalone=""yes""?>
<movies>
  <movie>
    <title>After Dark in Central Park</title>
    <year>1900</year>
    <cast/>
    <genres>Silent</genres>
    <genres>Short</genres>
    <href/>
    <country>United States</country>
    <runtime>3</runtime>
    <language>Silent</language>
    <release_date>1900-03-15</release_date>
    <production_company>Edison Manufacturing Company</production_company>
    <director>James H. White</director>
    <writer>James H. White</writer>
    <cinematography>Unknown</cinematography>
    <budget>500</budget>
    <box_office/>
    <awards/>
  </movie>
  <movie>
    <title>Boarding School Girls' Pajama Parade</title>
    <year>1900</year>
    <cast/>
    <genres>Silent</genres>
    <genres>Short</genres>
    <href/>
    <country>United States</country>
    <runtime>2</runtime>
    <language>Silent</language>
    <release_date>1900-05-10</release_date>
    <production_company>Edison Manufacturing Company</production_company>
    <director>James H. White</director>
    <writer>James H. White</writer>
    <cinematography>Unknown</cinematography>
    <budget>450</budget>
    <box_office/>
    <awards/>
  </movie>
  <movie>
    <title>Buffalo Bill's Wild West Parade</title>
    <year>1900</year>
    <cast>Buffalo Bill (William F. Cody)</cast>
    <genres>Documentary</genres>
    <href/>
    <country>United States</country>
    <runtime>5</runtime>
    <language>Silent</language>
    <release_date>1900-07-04</release_date>
    <production_company>Edison Manufacturing Company</production_company>
    <director>Unknown</director>
    <writer>Unknown</writer>
    <cinematography>Unknown</cinematography>
    <budget>600</budget>
    <box_office/>
    <awards/>
  </movie>
  <movie>
    <title>Caught</title>
    <year>1900</year>
    <cast/>
    <genres>Drama</genres>
    <href/>
    <country>United States</country>
    <runtime>2</runtime>
    <language>Silent</language>
    <release_date>1900-02-20</release_date>
    <production_company>Biograph Company</production_company>
    <director>William Heise</director>
    <writer>William Heise</writer>
    <cinematography>Unknown</cinematography>
    <budget>400</budget>
    <box_office/>
    <awards/>
  </movie>
  <movie>
    <title>Clowns Spinning Hats</title>
    <year>1900</year>
    <cast>Unknown Clowns</cast>
    <genres>Silent</genres>
    <genres>Comedy</genres>
    <href>Clowns_Spinning_Hats</href>
    <extract>Clowns Spinning Hats is a black-and-white silent film featuring clowns throwing hats back and forth to each other. It was written and produced by Lubin Films and released April 7, 1900.</extract>
    <country>United States</country>
    <runtime>3</runtime>
    <language>Silent</language>
    <release_date>1900-04-07</release_date>
    <production_company>Lubin Films</production_company>
    <director>Unknown</director>
    <writer>Unknown</writer>
    <cinematography>Unknown</cinematography>
    <budget>500</budget>
    <box_office/>
    <awards/>
  </movie>
  <movie>
    <title>The Enchanted Drawing</title>
    <year>1900</year>
    <cast>J. Stuart Blackton</cast>
    <genres>Silent</genres>
    <genres>Animation</genres>
    <href>The_Enchanted_Drawing</href>
    <extract>The Enchanted Drawing is a 1900 silent film directed by J. Stuart Blackton. It is best known for containing the first animated sequences recorded on standard picture film, which has led Blackton to be considered the father of American animation.</extract>
    <thumbnail_width>320</thumbnail_width>
    <thumbnail_height>240</thumbnail_height>
    <country>United States</country>
    <runtime>2</runtime>
    <language>Silent</language>
    <release_date>1900-11-16</release_date>
    <production_company>Vitagraph Studios</production_company>
    <director>J. Stuart Blackton</director>
    <writer>J. Stuart Blackton</writer>
    <cinematography>Unknown</cinematography>
    <budget>700</budget>
    <box_office/>
    <awards/>
  </movie>
  <movie>
    <title>Feeding Sea Lions</title>
    <year>1900</year>
    <cast>Paul Boyton</cast>
    <genres>Short</genres>
    <genres>Silent</genres>
    <href>Feeding_Sea_Lions</href>
    <extract>Feeding Sea Lions is a short silent film featuring Paul Boyton feeding sea lions at his Sea Lion Park at Coney Island. Boyton is shown feeding the trained sea lions, twelve in number. The sea lions follow Boyton up the steps of the pool and then follow him back into the water. One of them steals food out of the basket. The film was made by Lubin Studios on March 10, 1900.</extract>
    <country>United States</country>
    <runtime>3</runtime>
    <language>Silent</language>
    <release_date>1900-03-10</release_date>
    <production_company>Lubin Studios</production_company>
    <director>Unknown</director>
    <writer>Unknown</writer>
    <cinematography>Unknown</cinematography>
    <budget>450</budget>
    <box_office/>
    <awards/>
  </movie>
  <movie>
    <title>A Trip to the Moon</title>
    <year>1902</year>   <!-- This movie was released after 1900. -->
    <cast>Georges Méliès</cast>
    <genres>Sci-Fi</genres>
    <genres>Adventure</genres>
    <href>A_Trip_to_the_Moon</href>
    <extract>A Trip to the Moon (French: Le Voyage dans la Lune) is a 1902 French silent film directed by Georges Méliès. It is widely regarded as the first science fiction film ever made.</extract>
    <thumbnail_width>320</thumbnail_width>
    <thumbnail_height>240</thumbnail_height>
    <country>France</country>
    <runtime>14</runtime>
    <language>Silent</language>
    <release_date>1902-09-01</release_date>
    <production_company>Star Film Company</production_company>
    <director>Georges Méliès</director>
    <writer>Georges Méliès</writer>
    <cinematography>Georges Méliès</cinematography>
    <budget>10000</budget>
    <box_office>20000</box_office>
    <awards>Considered a milestone in cinema history</awards>
  </movie>
  <movie>
    <title>The Great Train Robbery</title>
    <year>1903</year>   <!-- This movie was released after 1900. -->
    <cast>Gilbert M. Anderson</cast>
    <cast>A. C. Abadie</cast>
    <genres>Western</genres>
    <genres>Action</genres>
    <href>The_Great_Train_Robbery</href>
    <extract>The Great Train Robbery is a 1903 American silent short film directed by Edwin S. Porter. It is considered one of the earliest narrative films.</extract>
    <thumbnail_width>320</thumbnail_width>
    <thumbnail_height>240</thumbnail_height>
    <country>United States</country>
    <runtime>12</runtime>
    <language>Silent</language>
    <release_date>1903-12-01</release_date>
    <production_company>Edison Manufacturing Company</production_company>
    <director>Edwin S. Porter</director>
    <writer>Edwin S. Porter</writer>
    <cinematography>Edwin S. Porter</cinematography>
    <budget>150</budget>
    <box_office>5000</box_office>
    <awards>One of the earliest crime films</awards>
  </movie>
</movies>",modifying-task-tabular-1,True,
6753746b1f8827e2bd586bf0,xml,"<?xml version=""1.0"" encoding=""UTF-8"" standalone=""yes""?>
<movies>
  <movie>
    <title>After Dark in Central Park</title>
    <year>1900</year>
    <cast/>
    <genres>Silent</genres>
    <genres>Short</genres>
    <href/>
    <country>United States</country>
    <runtime>3</runtime>
    <language>Silent</language>
    <release_date>1900-03-15</release_date>
    <production_company>Edison Manufacturing Company</production_company>
    <director>James H. White</director>
    <writer>James H. White</writer>
    <cinematography>Unknown</cinematography>
    <budget>500</budget>
    <box_office/>
    <awards/>
  </movie>
  <movie>
    <title>Boarding School Girls' Pajama Parade</title>
    <year>1900</year>
    <cast/>
    <genres>Silent</genres>
    <genres>Short</genres>
    <href/>
    <country>United States</country>
    <runtime>2</runtime>
    <language>Silent</language>
    <release_date>1900-05-10</release_date>
    <production_company>Edison Manufacturing Company</production_company>
    <director>James H. White</director>
    <writer>James H. White</writer>
    <cinematography>Unknown</cinematography>
    <budget>450</budget>
    <box_office/>
    <awards/>
  </movie>
  <movie>
    <title>Buffalo Bill's Wild West Parade</title>
    <year>1900</year>
    <cast>Buffalo Bill (William F. Cody)</cast>
    <genres>Documentary</genres>
    <href/>
    <country>United States</country>
    <runtime>5</runtime>
    <language>Silent</language>
    <release_date>1900-07-04</release_date>
    <production_company>Edison Manufacturing Company</production_company>
    <director>Unknown</director>
    <writer>Unknown</writer>
    <cinematography>Unknown</cinematography>
    <budget>600</budget>
    <box_office/>
    <awards/>
  </movie>
  <movie>
    <title>Caught</title>
    <year>1900</year>
    <cast/>
    <genres>Drama</genres>
    <href/>
    <country>United States</country>
    <runtime>2</runtime>
    <language>Silent</language>
    <release_date>1900-02-20</release_date>
    <production_company>Biograph Company</production_company>
    <director>William Heise</director>
    <writer>William Heise</writer>
    <cinematography>Unknown</cinematography>
    <budget>400</budget>
    <box_office/>
    <awards/>
  </movie>
  <movie>
    <title>Clowns Spinning Hats</title>
    <year>1900</year>
    <cast>Unknown Clowns</cast>
    <genres>Silent</genres>
    <genres>Comedy</genres>
    <href>Clowns_Spinning_Hats</href>
    <extract>Clowns Spinning Hats is a black-and-white silent film featuring clowns throwing hats back and forth to each other. It was written and produced by Lubin Films and released April 7, 1900.</extract>
    <country>United States</country>
    <runtime>3</runtime>
    <language>Silent</language>
    <release_date>1900-04-07</release_date>
    <production_company>Lubin Films</production_company>
    <director>Unknown</director>
    <writer>Unknown</writer>
    <cinematography>Unknown</cinematography>
    <budget>500</budget>
    <box_office/>
    <awards/>
  </movie>
  <movie>
    <title>The Enchanted Drawing</title>
    <year>1900</year>
    <cast>J. Stuart Blackton</cast>
    <genres>Silent</genres>
    <genres>Animation</genres>
    <href>The_Enchanted_Drawing</href>
    <extract>The Enchanted Drawing is a 1900 silent film directed by J. Stuart Blackton. It is best known for containing the first animated sequences recorded on standard picture film, which has led Blackton to be considered the father of American animation.</extract>
    <thumbnail_width>320</thumbnail_width>
    <thumbnail_height>240</thumbnail_height>
    <country>United States</country>
    <runtime>2</runtime>
    <language>Silent</language>
    <release_date>1900-11-16</release_date>
    <production_company>Vitagraph Studios</production_company>
    <director>J. Stuart Blackton</director>
    <writer>J. Stuart Blackton</writer>
    <cinematography>Unknown</cinematography>
    <budget>700</budget>
    <box_office/>
    <awards/>
  </movie>
  <movie>
    <title>Feeding Sea Lions</title>
    <year>1900</year>
    <cast>Paul Boyton</cast>
    <genres>Short</genres>
    <genres>Silent</genres>
    <href>Feeding_Sea_Lions</href>
    <extract>Feeding Sea Lions is a short silent film featuring Paul Boyton feeding sea lions at his Sea Lion Park at Coney Island. Boyton is shown feeding the trained sea lions, twelve in number. The sea lions follow Boyton up the steps of the pool and then follow him back into the water. One of them steals food out of the basket. The film was made by Lubin Studios on March 10, 1900.</extract>
    <country>United States</country>
    <runtime>3</runtime>
    <language>Silent</language>
    <release_date>1900-03-10</release_date>
    <production_company>Lubin Studios</production_company>
    <director>Unknown</director>
    <writer>Unknown</writer>
    <cinematography>Unknown</cinematography>
    <budget>450</budget>
    <box_office/>
    <awards/>
  </movie>
  <movie>
    <title>A Trip to the Moon</title>
    <year>1902</year>   <!-- This movie was released after 1900. -->
    <cast>Georges Méliès</cast>
    <genres>Sci-Fi</genres>
    <genres>Adventure</genres>
    <href>A_Trip_to_the_Moon</href>
    <extract>A Trip to the Moon (French: Le Voyage dans la Lune) is a 1902 French silent film directed by Georges Méliès. It is widely regarded as the first science fiction film ever made.</extract>
    <thumbnail_width>320</thumbnail_width>
    <thumbnail_height>240</thumbnail_height>
    <country>France</country>
    <runtime>14</runtime>
    <language>Silent</language>
    <release_date>1902-09-01</release_date>
    <production_company>Star Film Company</production_company>
    <director>Georges Méliès</director>
    <writer>Georges Méliès</writer>
    <cinematography>Georges Méliès</cinematography>
    <budget>10000</budget>
    <box_office>20000</box_office>
    <awards>Considered a milestone in cinema history</awards>
  </movie>
  <movie>
    <title>The Great Train Robbery</title>
    <year>1903</year>   <!-- This movie was released after 1900. -->
    <cast>Gilbert M. Anderson</cast>
    <cast>A. C. Abadie</cast>
    <genres>Western</genres>
    <genres>Action</genres>
    <href>The_Great_Train_Robbery</href>
    <extract>The Great Train Robbery is a 1903 American silent short film directed by Edwin S. Porter. It is considered one of the earliest narrative films.</extract>
    <thumbnail_width>320</thumbnail_width>
    <thumbnail_height>240</thumbnail_height>
    <country>United States</country>
    <runtime>12</runtime>
    <language>Silent</language>
    <release_date>1903-12-01</release_date>
    <production_company>Edison Manufacturing Company</production_company>
    <director>Edwin S. Porter</director>
    <writer>Scott Marble</writer>
    <cinematography>Edwin S. Porter</cinematography>
    <budget>150</budget>
    <box_office>5000</box_office>
    <awards>One of the earliest crime films</awards>
  </movie>
</movies>",modifying-task-tabular-1,True,
669a84e18da4349ece0ea67c,xml,"<?xml version=""1.0"" encoding=""UTF-8"" standalone=""yes""?>
<movies>
  <movie>
    <title>After Dark in Central Park</title>
    <year>1900</year>
    <cast/>
    <genres>Silent</genres>
    <genres>Short</genres>
    <href/>
    <country>United States</country>
    <runtime>3</runtime>
    <language>Silent</language>
    <release_date>1900-03-15</release_date>
    <production_company>Edison Manufacturing Company</production_company>
    <director>James H. White</director>
    <writer>James H. White</writer>
    <cinematography>Unknown</cinematography>
    <budget>500</budget>
    <box_office/>
    <awards/>
  </movie>
  <movie>
    <title>Boarding School Girls' Pajama Parade</title>
    <year>1900</year>
    <cast/>
    <genres>Silent</genres>
    <genres>Short</genres>
    <href/>
    <country>United States</country>
    <runtime>2</runtime>
    <language>Silent</language>
    <release_date>1900-05-10</release_date>
    <production_company>Edison Manufacturing Company</production_company>
    <director>James H. White</director>
    <writer>James H. White</writer>
    <cinematography>Unknown</cinematography>
    <budget>450</budget>
    <box_office/>
    <awards/>
  </movie>
  <movie>
    <title>Buffalo Bill's Wild West Parade</title>
    <year>1900</year>
    <cast>Buffalo Bill (William F. Cody)</cast>
    <genres>Documentary</genres>
    <href/>
    <country>United States</country>
    <runtime>5</runtime>
    <language>Silent</language>
    <release_date>1900-07-04</release_date>
    <production_company>Edison Manufacturing Company</production_company>
    <director>James H. White</director>
    <writer>James H. White</writer>
    <cinematography>Unknown</cinematography>
    <budget>600</budget>
    <box_office/>
    <awards/>
  </movie>
  <movie>
    <title>Caught</title>
    <year>1900</year>
    <cast/>
    <genres>Drama</genres>
    <href/>
    <country>United States</country>
    <runtime>2</runtime>
    <language>Silent</language>
    <release_date>1900-02-20</release_date>
    <production_company>Biograph Company</production_company>
    <director>William Heise</director>
    <writer>Willam Heise</writer>
    <cinematography>Unknown</cinematography>
    <budget>400</budget>
    <box_office/>
    <awards/>
  </movie>
  <movie>
    <title>Clowns Spinning Hats</title>
    <year>1900</year>
    <cast>Unknown Clowns</cast>
    <genres>Silent</genres>
    <genres>Comedy</genres>
    <href>Clowns_Spinning_Hats</href>
    <extract>Clowns Spinning Hats is a black-and-white silent film featuring clowns throwing hats back and forth to each other. It was written and produced by Lubin Films and released April 7, 1900.</extract>
    <country>United States</country>
    <runtime>3</runtime>
    <language>Silent</language>
    <release_date>1900-04-07</release_date>
    <production_company>Lubin Films</production_company>
    <director>Willian Heise</director>
    <writer>William Heise</writer>
    <cinematography>Unknown</cinematography>
    <budget>500</budget>
    <box_office/>
    <awards/>
  </movie>
  <movie>
    <title>The Enchanted Drawing</title>
    <year>1900</year>
    <cast>J. Stuart Blackton</cast>
    <genres>Silent</genres>
    <genres>Animation</genres>
    <href>The_Enchanted_Drawing</href>
    <extract>The Enchanted Drawing is a 1900 silent film directed by J. Stuart Blackton. It is best known for containing the first animated sequences recorded on standard picture film, which has led Blackton to be considered the father of American animation.</extract>
    <thumbnail_width>320</thumbnail_width>
    <thumbnail_height>240</thumbnail_height>
    <country>United States</country>
    <runtime>2</runtime>
    <language>Silent</language>
    <release_date>1900-11-16</release_date>
    <production_company>Vitagraph Studios</production_company>
    <director>J. Stuart Blackton</director>
    <writer>J. Stuart Blackton</writer>
    <cinematography>Unknown</cinematography>
    <budget>700</budget>
    <box_office/>
    <awards/>
  </movie>
  <movie>
    <title>Feeding Sea Lions</title>
    <year>1900</year>
    <cast>Paul Boyton</cast>
    <genres>Short</genres>
    <genres>Silent</genres>
    <href>Feeding_Sea_Lions</href>
    <extract>Feeding Sea Lions is a short silent film featuring Paul Boyton feeding sea lions at his Sea Lion Park at Coney Island. Boyton is shown feeding the trained sea lions, twelve in number. The sea lions follow Boyton up the steps of the pool and then follow him back into the water. One of them steals food out of the basket. The film was made by Lubin Studios on March 10, 1900.</extract>
    <country>United States</country>
    <runtime>3</runtime>
    <language>Silent</language>
    <release_date>1900-03-10</release_date>
    <production_company>Lubin Studios</production_company>
    <director>Stuart Blackton</director>
    <writer>Stuart Blackton</writer>
    <cinematography>Unknown</cinematography>
    <budget>450</budget>
    <box_office/>
    <awards/>
  </movie>
  <movie>
    <title>A Trip to the Moon</title>
    <year>1902</year>   <!-- This movie was released after 1900. -->
    <cast>Georges Méliès</cast>
    <genres>Sci-Fi</genres>
    <genres>Adventure</genres>
    <href>A_Trip_to_the_Moon</href>
    <extract>A Trip to the Moon (French: Le Voyage dans la Lune) is a 1902 French silent film directed by Georges Méliès. It is widely regarded as the first science fiction film ever made.</extract>
    <thumbnail_width>320</thumbnail_width>
    <thumbnail_height>240</thumbnail_height>
    <country>France</country>
    <runtime>14</runtime>
    <language>Silent</language>
    <release_date>1902-09-01</release_date>
    <production_company>Star Film Company</production_company>
    <director>Georges Méliès</director>
    <writer>Georges Méliès</writer>
    <cinematography>Georges Méliès</cinematography>
    <budget>10000</budget>
    <box_office>20000</box_office>
    <awards>Considered a milestone in cinema history</awards>
  </movie>
  <movie>
    <title>The Great Train Robbery</title>
    <year>1903</year>   <!-- This movie was released after 1900. -->
    <cast>Gilbert M. Anderson</cast>
    <cast>A. C. Abadie</cast>
    <genres>Western</genres>
    <genres>Action</genres>
    <href>The_Great_Train_Robbery</href>
    <extract>The Great Train Robbery is a 1903 American silent short film directed by Edwin S. Porter. It is considered one of the earliest narrative films.</extract>
    <thumbnail_width>320</thumbnail_width>
    <thumbnail_height>240</thumbnail_height>
    <country>United States</country>
    <runtime>12</runtime>
    <language>Silent</language>
    <release_date>1903-12-01</release_date>
    <production_company>Edison Manufacturing Company</production_company>
    <director>Edwin S. Porter</director>
    <writer>Scott Marble</writer>
    <cinematography>Edwin S. Porter</cinematography>
    <budget>150</budget>
    <box_office>5000</box_office>
    <awards>One of the earliest crime films</awards>
  </movie>
</movies>",modifying-task-tabular-1,True,
677d32c679491be18090225b,xml,"<?xml version=""1.0"" encoding=""UTF-8"" standalone=""yes""?>
<movies>
  <movie>
    <title>After Dark in Central Park</title>
    <year>1900</year>
    <cast/>
    <genres>Silent</genres>
    <genres>Short</genres>
    <href/>
    <country>United States</country>
    <runtime>3</runtime>
    <language>Silent</language>
    <release_date>1900-03-15</release_date>
    <production_company>Edison Manufacturing Company</production_company>
    <director>unknown</director>
    <writer>Unknown</writer>
    <cinematography>Unknown</cinematography>
    <budget>500</budget>
    <box_office/>
    <awards/>
  </movie>
  <movie>
    <title>Boarding School Girls' Pajama Parade</title>
    <year>1900</year>
    <cast/>
    <genres>Silent</genres>
    <genres>Short</genres>
    <href/>
    <country>United States</country>
    <runtime>2</runtime>
    <language>Silent</language>
    <release_date>1900-05-10</release_date>
    <production_company>Edison Manufacturing Company</production_company>
    <director>unkown</director>
    <writer>Unknown</writer>
    <cinematography>Unknown</cinematography>
    <budget>450</budget>
    <box_office/>
    <awards/>
  </movie>
  <movie>
    <title>Buffalo Bill's Wild West Parade</title>
    <year>1900</year>
    <cast>Buffalo Bill (William F. Cody)</cast>
    <genres>Documentary</genres>
    <href/>
    <country>United States</country>
    <runtime>5</runtime>
    <language>Silent</language>
    <release_date>1900-07-04</release_date>
    <production_company>Edison Manufacturing Company</production_company>
    <director>Unknown</director>
    <writer>Unknown</writer>
    <cinematography>Unknown</cinematography>
    <budget>600</budget>
    <box_office/>
    <awards/>
  </movie>
  <movie>
    <title>Caught</title>
    <year>1900</year>
    <cast/>
    <genres>Drama</genres>
    <href/>
    <country>United States</country>
    <runtime>2</runtime>
    <language>Silent</language>
    <release_date>1900-02-20</release_date>
    <production_company>Biograph Company</production_company>
    <director>Unknown</director>
    <writer>Unknown</writer>
    <cinematography>Unknown</cinematography>
    <budget>400</budget>
    <box_office/>
    <awards/>
  </movie>
  <movie>
    <title>Clowns Spinning Hats</title>
    <year>1900</year>
    <cast>Unknown Clowns</cast>
    <genres>Silent</genres>
    <genres>Comedy</genres>
    <href>Clowns_Spinning_Hats</href>
    <extract>Clowns Spinning Hats is a black-and-white silent film featuring clowns throwing hats back and forth to each other. It was written and produced by Lubin Films and released April 7, 1900.</extract>
    <country>United States</country>
    <runtime>3</runtime>
    <language>Silent</language>
    <release_date>1900-04-07</release_date>
    <production_company>Lubin Films</production_company>
    <director>Unknown</director>
    <writer>Unknown</writer>
    <cinematography>Unknown</cinematography>
    <budget>500</budget>
    <box_office/>
    <awards/>
  </movie>
  <movie>
    <title>The Enchanted Drawing</title>
    <year>1900</year>
    <cast>J. Stuart Blackton</cast>
    <genres>Silent</genres>
    <genres>Animation</genres>
    <href>The_Enchanted_Drawing</href>
    <extract>The Enchanted Drawing is a 1900 silent film directed by J. Stuart Blackton. It is best known for containing the first animated sequences recorded on standard picture film, which has led Blackton to be considered the father of American animation.</extract>
    <thumbnail_width>320</thumbnail_width>
    <thumbnail_height>240</thumbnail_height>
    <country>United States</country>
    <runtime>2</runtime>
    <language>Silent</language>
    <release_date>1900-11-16</release_date>
    <production_company>Vitagraph Studios</production_company>
    <director>J. Stuart Blackton</director>
    <writer>J. Stuart Blackton</writer>
    <cinematography>Unknown</cinematography>
    <budget>700</budget>
    <box_office/>
    <awards/>
  </movie>
  <movie>
    <title>Feeding Sea Lions</title>
    <year>1900</year>
    <cast>Paul Boyton</cast>
    <genres>Short</genres>
    <genres>Silent</genres>
    <href>Feeding_Sea_Lions</href>
    <extract>Feeding Sea Lions is a short silent film featuring Paul Boyton feeding sea lions at his Sea Lion Park at Coney Island. Boyton is shown feeding the trained sea lions, twelve in number. The sea lions follow Boyton up the steps of the pool and then follow him back into the water. One of them steals food out of the basket. The film was made by Lubin Studios on March 10, 1900.</extract>
    <country>United States</country>
    <runtime>3</runtime>
    <language>Silent</language>
    <release_date>1900-03-10</release_date>
    <production_company>Lubin Studios</production_company>
    <director>Unknown</director>
    <writer>Unknown</writer>
    <cinematography>Unknown</cinematography>
    <budget>450</budget>
    <box_office/>
    <awards/>
  </movie>
  <movie>
    <title>A Trip to the Moon</title>
    <year>1902</year>   <!-- This movie was released after 1900. -->
    <cast>Georges Méliès</cast>
    <genres>Sci-Fi</genres>
    <genres>Adventure</genres>
    <href>A_Trip_to_the_Moon</href>
    <extract>A Trip to the Moon (French: Le Voyage dans la Lune) is a 1902 French silent film directed by Georges Méliès. It is widely regarded as the first science fiction film ever made.</extract>
    <thumbnail_width>320</thumbnail_width>
    <thumbnail_height>240</thumbnail_height>
    <country>France</country>
    <runtime>14</runtime>
    <language>Silent</language>
    <release_date>1902-09-01</release_date>
    <production_company>Star Film Company</production_company>
    <director>Georges Méliès</director>
    <writer>Georges Méliès</writer>
    <cinematography>Georges Méliès</cinematography>
    <budget>10000</budget>
    <box_office>20000</box_office>
    <awards>Considered a milestone in cinema history</awards>
  </movie>
  <movie>
    <title>The Great Train Robbery</title>
    <year>1903</year>   <!-- This movie was released after 1900. -->
    <cast>Gilbert M. Anderson</cast>
    <cast>A. C. Abadie</cast>
    <genres>Western</genres>
    <genres>Action</genres>
    <href>The_Great_Train_Robbery</href>
    <extract>The Great Train Robbery is a 1903 American silent short film directed by Edwin S. Porter. It is considered one of the earliest narrative films.</extract>
    <thumbnail_width>320</thumbnail_width>
    <thumbnail_height>240</thumbnail_height>
    <country>United States</country>
    <runtime>12</runtime>
    <language>Silent</language>
    <release_date>1903-12-01</release_date>
    <production_company>Edison Manufacturing Company</production_company>
    <director> Scott Marble</director>
    <writer>Scott Marble</writer>
    <cinematography>Edwin S. Porter</cinematography>
    <budget>150</budget>
    <box_office>5000</box_office>
    <awards>One of the earliest crime films</awards>
  </movie>
</movies>",modifying-task-tabular-1,True,
