participantId,format,code,task,valid,errorMessage,Bad key name (eof),Expecting value,"Found '[' where a key name was expected (check your syntax or use quotes if the key name includes {}[],",Found a punctuator character when expecting a quoteless string (check your syntax)
678f0bb28ec3307e4f1afb78,hjson,"{
  movies:
  {
    movie:
    [
      {
        title: After Dark in Central Park
        year: 1900
        cast: []
        genres:
        [
          Silent
          Short
        ]
        href: null
        country: United States
        runtime: 3
        language: Silent
        release_date: 1900-03-15
        production_company: Edison Manufacturing Company
        director: James H. White
        writer: Unknown
        cinematography: Unknown
        budget: 500
        box_office: null
        awards: []
      }
      {
        title: Boarding School Girls' Pajama Parade
        year: 1900
        cast: []
        genres:
        [
          Silent
          Short
        ]
        href: null
        country: United States
        runtime: 2
        language: Silent
        release_date: 1900-05-10
        production_company: Edison Manufacturing Company
        director: James H. White
        writer: Unknown
        cinematography: Unknown
        budget: 450
        box_office: null
        awards: []
      }
      {
        title: Buffalo Bill's Wild West Parade
        year: 1900
        cast:
        [
          Buffalo Bill (William F. Cody)
        ]
        genres:
        [
          Documentary
        ]
        href: null
        country: United States
        runtime: 5
        language: Silent
        release_date: 1900-07-04
        production_company: Edison Manufacturing Company
        director: Unknown
        writer: Unknown
        cinematography: Unknown
        budget: 600
        box_office: null
        awards: []
      }
      {
        title: Caught
        year: 1900
        cast: []
        genres:
        [
          Drama
        ]
        href: null
        country: United States
        runtime: 2
        language: Silent
        release_date: 1900-02-20
        production_company: Biograph Company
        director: William Heise
        writer: Unknown
        cinematography: Unknown
        budget: 400
        box_office: null
        awards: []
      }
      {
        title: Clowns Spinning Hats
        year: 1900
        cast:
        [
          Unknown Clowns
        ]
        genres:
        [
          Silent
          Comedy
        ]
        href: Clowns_Spinning_Hats
        extract: Clowns Spinning Hats is a black-and-white silent film featuring clowns throwing hats back and forth to each other. It was written and produced by Lubin Films and released April 7, 1900.
        country: United States
        runtime: 3
        language: Silent
        release_date: 1900-04-07
        production_company: Lubin Films
        director: Unknown
        writer: Unknown
        cinematography: Unknown
        budget: 500
        box_office: null
        awards: []
      }
      {
        title: The Enchanted Drawing
        year: 1900
        cast:
        [
          J. Stuart Blackton
        ]
        genres:
        [
          Silent
          Animation
        ]
        href: The_Enchanted_Drawing
        extract: The Enchanted Drawing is a 1900 silent film directed by J. Stuart Blackton. It is best known for containing the first animated sequences recorded on standard picture film, which has led Blackton to be considered the father of American animation.
        thumbnail_width: 320
        thumbnail_height: 240
        country: United States
        runtime: 2
        language: Silent
        release_date: 1900-11-16
        production_company: Vitagraph Studios
        director: J. Stuart Blackton
        writer: J. Stuart Blackton
        cinematography: Unknown
        budget: 700
        box_office: null
        awards: []
      }
      {
        title: Feeding Sea Lions
        year: 1900
        cast:
        [
          Paul Boyton
        ]
        genres:
        [
          Short
          Silent
        ]
        href: Feeding_Sea_Lions
        extract: Feeding Sea Lions is a short silent film featuring Paul Boyton feeding sea lions at his Sea Lion Park at Coney Island. Boyton is shown feeding the trained sea lions, twelve in number. The sea lions follow Boyton up the steps of the pool and then follow him back into the water. One of them steals food out of the basket. The film was made by Lubin Studios on March 10, 1900.
        country: United States
        runtime: 3
        language: Silent
        release_date: 1900-03-10
        production_company: Lubin Studios
        director: Unknown
        writer: Unknown
        cinematography: Unknown
        budget: 450
        box_office: null
        awards: []
      }
    ]
  }
}",modifying-task-tabular-3,True,,,,,
60a0b744298c64d46b63e893,hjson,"{
  movies:
  {
    movie:
    [
      {
        title: After Dark in Central Park
        year: 1900
        cast: []
        genres:
        [
          Silent
          Short
        ]
        href: null
        country: United States
        runtime: 3
        language: Silent
        release_date: 1900-03-15
        production_company: Edison Manufacturing Company
        director: James H. White
        writer: Unknown
        cinematography: Unknown
        budget: 500
        box_office: null
        awards: []
      }
      {
        title: Boarding School Girls' Pajama Parade
        year: 1900
        cast: []
        genres:
        [
          Silent
          Short
        ]
        href: null
        country: United States
        runtime: 2
        language: Silent
        release_date: 1900-05-10
        production_company: Edison Manufacturing Company
        director: James H. White
        writer: Unknown
        cinematography: Unknown
        budget: 450
        box_office: null
        awards: []
      }
      {
        title: Buffalo Bill's Wild West Parade
        year: 1900
        cast:
        [
          Buffalo Bill (William F. Cody)
        ]
        genres:
        [
          Documentary
        ]
        href: null
        country: United States
        runtime: 5
        language: Silent
        release_date: 1900-07-04
        production_company: Edison Manufacturing Company
        director: Unknown
        writer: Unknown
        cinematography: Unknown
        budget: 600
        box_office: null
        awards: []
      }
      {
        title: Caught
        year: 1900
        cast: []
        genres:
        [
          Drama
        ]
        href: null
        country: United States
        runtime: 2
        language: Silent
        release_date: 1900-02-20
        production_company: Biograph Company
        director: William Heise
        writer: Unknown
        cinematography: Unknown
        budget: 400
        box_office: null
        awards: []
      }
      {
        title: Clowns Spinning Hats
        year: 1900
        cast:
        [
          Unknown Clowns
        ]
        genres:
        [
          Silent
          Comedy
        ]
        href: Clowns_Spinning_Hats
        extract: Clowns Spinning Hats is a black-and-white silent film featuring clowns throwing hats back and forth to each other. It was written and produced by Lubin Films and released April 7, 1900.
        country: United States
        runtime: 3
        language: Silent
        release_date: 1900-04-07
        production_company: Lubin Films
        director: Unknown
        writer: Unknown
        cinematography: Unknown
        budget: 500
        box_office: null
        awards: []
      }
      {
        title: The Enchanted Drawing
        year: 1900
        cast:
        [
          J. Stuart Blackton
        ]
        genres:
        [
          Silent
          Animation
        ]
        href: The_Enchanted_Drawing
        extract: The Enchanted Drawing is a 1900 silent film directed by J. Stuart Blackton. It is best known for containing the first animated sequences recorded on standard picture film, which has led Blackton to be considered the father of American animation.
        thumbnail_width: 320
        thumbnail_height: 240
        country: United States
        runtime: 2
        language: Silent
        release_date: 1900-11-16
        production_company: Vitagraph Studios
        director: J. Stuart Blackton
        writer: J. Stuart Blackton
        cinematography: Unknown
        budget: 700
        box_office: null
        awards: []
      }
      {
        title: Feeding Sea Lions
        year: 1900
        cast:
        [
          Paul Boyton
        ]
        genres:
        [
          Short
          Silent
        ]
        href: Feeding_Sea_Lions
        extract: Feeding Sea Lions is a short silent film featuring Paul Boyton feeding sea lions at his Sea Lion Park at Coney Island. Boyton is shown feeding the trained sea lions, twelve in number. The sea lions follow Boyton up the steps of the pool and then follow him back into the water. One of them steals food out of the basket. The film was made by Lubin Studios on March 10, 1900.
        country: United States
        runtime: 3
        language: Silent
        release_date: 1900-03-10
        production_company: Lubin Studios
        director: Unknown
        writer: Unknown
        cinematography: Unknown
        budget: 450
        box_office: null
        awards: []
      }
      {
        title: A Trip to the Moon
        year: 1902    // This movie was released after 1900.
        cast:
        [
          Georges Méliès
        ]
        genres:
        [
          Sci-Fi
          Adventure
        ]
        country: France
        runtime: 14
        language: Silent
        release_date: 1902-09-01
        production_company: Star Film Company
        director: Georges Méliès
        writer: Georges Méliès
        cinematography: Georges Méliès
        budget: 10000
        box_office: 20000
        awards:
        [
          Considered a milestone in cinema history
        ]
      }
      {
        title: The Great Train Robbery
        year: 1903    // This movie was released after 1900.
        cast:
        [
          Gilbert M. Anderson
          A. C. Abadie
        ]
        genres:
        [
          Western
          Action
        ]
        country: United States
        runtime: 12
        language: Silent
        release_date: 1903-12-01
        production_company: Edison Manufacturing Company
        director: Edwin S. Porter
        writer: Scott Marble
        cinematography: Edwin S. Porter
        budget: 150
        box_office: 5000
        awards:
        [
          One of the earliest crime films
        ]
      }
    ]
  }
}",modifying-task-tabular-3,True,,,,,
66cdfebcb908ea2717d06b6c,hjson,"{
  movies:
  {
    movie:
    [
      {
        title: After Dark in Central Park
        year: 1900
        cast: []
        genres:
        [
          Silent
          Short
        ]
        href: null
        country: United States
        runtime: 3
        language: Silent
        release_date: 1900-03-15
        production_company: Edison Manufacturing Company
        director: James H. White
        writer: Unknown
        cinematography: Unknown
        budget: 500
        box_office: null
        awards: []
      }
      {
        title: Boarding School Girls' Pajama Parade
        year: 1900
        cast: []
        genres:
        [
          Silent
          Short
        ]
        href: null
        country: United States
        runtime: 2
        language: Silent
        release_date: 1900-05-10
        production_company: Edison Manufacturing Company
        director: James H. White
        writer: Unknown
        cinematography: Unknown
        budget: 450
        box_office: null
        awards: []
      }
      {
        title: Buffalo Bill's Wild West Parade
        year: 1900
        cast:
        [
          Buffalo Bill (William F. Cody)
        ]
        genres:
        [
          Documentary
        ]
        href: null
        country: United States
        runtime: 5
        language: Silent
        release_date: 1900-07-04
        production_company: Edison Manufacturing Company
        director: Unknown
        writer: Unknown
        cinematography: Unknown
        budget: 600
        box_office: null
        awards: []
      }
      {
        title: Caught
        year: 1900
        cast: []
        genres:
        [
          Drama
        ]
        href: null
        country: United States
        runtime: 2
        language: Silent
        release_date: 1900-02-20
        production_company: Biograph Company
        director: William Heise
        writer: Unknown
        cinematography: Unknown
        budget: 400
        box_office: null
        awards: []
      }
      {
        title: Clowns Spinning Hats
        year: 1900
        cast:
        [
          Unknown Clowns
        ]
        genres:
        [
          Silent
          Comedy
        ]
        href: Clowns_Spinning_Hats
        extract: Clowns Spinning Hats is a black-and-white silent film featuring clowns throwing hats back and forth to each other. It was written and produced by Lubin Films and released April 7, 1900.
        country: United States
        runtime: 3
        language: Silent
        release_date: 1900-04-07
        production_company: Lubin Films
        director: Unknown
        writer: Unknown
        cinematography: Unknown
        budget: 500
        box_office: null
        awards: []
      }
      {
        title: The Enchanted Drawing
        year: 1900
        cast:
        [
          J. Stuart Blackton
        ]
        genres:
        [
          Silent
          Animation
        ]
        href: The_Enchanted_Drawing
        extract: The Enchanted Drawing is a 1900 silent film directed by J. Stuart Blackton. It is best known for containing the first animated sequences recorded on standard picture film, which has led Blackton to be considered the father of American animation.
        thumbnail_width: 320
        thumbnail_height: 240
        country: United States
        runtime: 2
        language: Silent
        release_date: 1900-11-16
        production_company: Vitagraph Studios
        director: J. Stuart Blackton
        writer: J. Stuart Blackton
        cinematography: Unknown
        budget: 700
        box_office: null
        awards: []
      }
      {
        title: Feeding Sea Lions
        year: 1900
        cast:
        [
          Paul Boyton
        ]
        genres:
        [
          Short
          Silent
        ]
        href: Feeding_Sea_Lions
        extract: Feeding Sea Lions is a short silent film featuring Paul Boyton feeding sea lions at his Sea Lion Park at Coney Island. Boyton is shown feeding the trained sea lions, twelve in number. The sea lions follow Boyton up the steps of the pool and then follow him back into the water. One of them steals food out of the basket. The film was made by Lubin Studios on March 10, 1900.
        country: United States
        runtime: 3
        language: Silent
        release_date: 1900-03-10
        production_company: Lubin Studios
        director: Unknown
        writer: Unknown
        cinematography: Unknown
        budget: 450
        box_office: null
        awards: []
      }
    ]
  }
}",modifying-task-tabular-3,True,,,,,
56cb8858edf8da000b6df354,hjson,"{
  movies:
  {
    movie:
    [
      {
        title: After Dark in Central Park
        year: 1900
        cast: []
        genres:
        [
          Silent
          Short
        ]
        href: null
        country: United States
        runtime: 3
        language: Silent
        release_date: 1900-03-15
        production_company: Edison Manufacturing Company
        director: James H. White
        writer: Unknown
        cinematography: Unknown
        budget: 500
        box_office: null
        awards: []
      }
      {
        title: Boarding School Girls' Pajama Parade
        year: 1900
        cast: []
        genres:
        [
          Silent
          Short
        ]
        href: null
        country: United States
        runtime: 2
        language: Silent
        release_date: 1900-05-10
        production_company: Edison Manufacturing Company
        director: James H. White
        writer: Unknown
        cinematography: Unknown
        budget: 450
        box_office: null
        awards: []
      }
      {
        title: Buffalo Bill's Wild West Parade
        year: 1900
        cast:
        [
          Buffalo Bill (William F. Cody)
        ]
        genres:
        [
          Documentary
        ]
        href: null
        country: United States
        runtime: 5
        language: Silent
        release_date: 1900-07-04
        production_company: Edison Manufacturing Company
        director: Unknown
        writer: Unknown
        cinematography: Unknown
        budget: 600
        box_office: null
        awards: []
      }
      {
        title: Caught
        year: 1900
        cast: []
        genres:
        [
          Drama
        ]
        href: null
        country: United States
        runtime: 2
        language: Silent
        release_date: 1900-02-20
        production_company: Biograph Company
        director: William Heise
        writer: Unknown
        cinematography: Unknown
        budget: 400
        box_office: null
        awards: []
      }
      {
        title: Clowns Spinning Hats
        year: 1900
        cast:
        [
          Unknown Clowns
        ]
        genres:
        [
          Silent
          Comedy
        ]
        href: Clowns_Spinning_Hats
        extract: Clowns Spinning Hats is a black-and-white silent film featuring clowns throwing hats back and forth to each other. It was written and produced by Lubin Films and released April 7, 1900.
        country: United States
        runtime: 3
        language: Silent
        release_date: 1900-04-07
        production_company: Lubin Films
        director: Unknown
        writer: Unknown
        cinematography: Unknown
        budget: 500
        box_office: null
        awards: []
      }
      {
        title: The Enchanted Drawing
        year: 1900
        cast:
        [
          J. Stuart Blackton
        ]
        genres:
        [
          Silent
          Animation
        ]
        href: The_Enchanted_Drawing
        extract: The Enchanted Drawing is a 1900 silent film directed by J. Stuart Blackton. It is best known for containing the first animated sequences recorded on standard picture film, which has led Blackton to be considered the father of American animation.
        thumbnail_width: 320
        thumbnail_height: 240
        country: United States
        runtime: 2
        language: Silent
        release_date: 1900-11-16
        production_company: Vitagraph Studios
        director: J. Stuart Blackton
        writer: J. Stuart Blackton
        cinematography: Unknown
        budget: 700
        box_office: null
        awards: []
      }
      {
        title: Feeding Sea Lions
        year: 1900
        cast:
        [
          Paul Boyton
        ]
        genres:
        [
          Short
          Silent
        ]
        href: Feeding_Sea_Lions
        extract: Feeding Sea Lions is a short silent film featuring Paul Boyton feeding sea lions at his Sea Lion Park at Coney Island. Boyton is shown feeding the trained sea lions, twelve in number. The sea lions follow Boyton up the steps of the pool and then follow him back into the water. One of them steals food out of the basket. The film was made by Lubin Studios on March 10, 1900.
        country: United States
        runtime: 3
        language: Silent
        release_date: 1900-03-10
        production_company: Lubin Studios
        director: Unknown
        writer: Unknown
        cinematography: Unknown
        budget: 450
        box_office: null
        awards: []
      }
    ]
  }
}",modifying-task-tabular-3,True,,,,,
667971a555af1f83d3f29ae7,hjson,"{
  movies:
  {
    movie:
    [
      {
        title: After Dark in Central Park
        year: 1900
        cast: []
        genres:
        [
          Silent
          Short
        ]
        href: null
        country: United States
        runtime: 3
        language: Silent
        release_date: 1900-03-15
        production_company: Edison Manufacturing Company
        director: James H. White
        writer: Unknown
        cinematography: Unknown
        budget: 500
        box_office: null
        awards: []
      }
      {
        title: Boarding School Girls' Pajama Parade
        year: 1900
        cast: []
        genres:
        [
          Silent
          Short
        ]
        href: null
        country: United States
        runtime: 2
        language: Silent
        release_date: 1900-05-10
        production_company: Edison Manufacturing Company
        director: James H. White
        writer: Unknown
        cinematography: Unknown
        budget: 450
        box_office: null
        awards: []
      }
      {
        title: Buffalo Bill's Wild West Parade
        year: 1900
        cast:
        [
          Buffalo Bill (William F. Cody)
        ]
        genres:
        [
          Documentary
        ]
        href: null
        country: United States
        runtime: 5
        language: Silent
        release_date: 1900-07-04
        production_company: Edison Manufacturing Company
        director: Unknown
        writer: Unknown
        cinematography: Unknown
        budget: 600
        box_office: null
        awards: []
      }
      {
        title: Caught
        year: 1900
        cast: []
        genres:
        [
          Drama
        ]
        href: null
        country: United States
        runtime: 2
        language: Silent
        release_date: 1900-02-20
        production_company: Biograph Company
        director: William Heise
        writer: Unknown
        cinematography: Unknown
        budget: 400
        box_office: null
        awards: []
      }
      {
        title: Clowns Spinning Hats
        year: 1900
        cast:
        [
          Unknown Clowns
        ]
        genres:
        [
          Silent
          Comedy
        ]
        href: Clowns_Spinning_Hats
        extract: Clowns Spinning Hats is a black-and-white silent film featuring clowns throwing hats back and forth to each other. It was written and produced by Lubin Films and released April 7, 1900.
        country: United States
        runtime: 3
        language: Silent
        release_date: 1900-04-07
        production_company: Lubin Films
        director: Unknown
        writer: Unknown
        cinematography: Unknown
        budget: 500
        box_office: null
        awards: []
      }
      {
        title: The Enchanted Drawing
        year: 1900
        cast:
        [
          J. Stuart Blackton
        ]
        genres:
        [
          Silent
          Animation
        ]
        href: The_Enchanted_Drawing
        extract: The Enchanted Drawing is a 1900 silent film directed by J. Stuart Blackton. It is best known for containing the first animated sequences recorded on standard picture film, which has led Blackton to be considered the father of American animation.
        thumbnail_width: 320
        thumbnail_height: 240
        country: United States
        runtime: 2
        language: Silent
        release_date: 1900-11-16
        production_company: Vitagraph Studios
        director: J. Stuart Blackton
        writer: J. Stuart Blackton
        cinematography: Unknown
        budget: 700
        box_office: null
        awards: []
      }
      {
        title: Feeding Sea Lions
        year: 1900
        cast:
        [
          Paul Boyton
        ]
        genres:
        [
          Short
          Silent
        ]
        href: Feeding_Sea_Lions
        extract: Feeding Sea Lions is a short silent film featuring Paul Boyton feeding sea lions at his Sea Lion Park at Coney Island. Boyton is shown feeding the trained sea lions, twelve in number. The sea lions follow Boyton up the steps of the pool and then follow him back into the water. One of them steals food out of the basket. The film was made by Lubin Studios on March 10, 1900.
        country: United States
        runtime: 3
        language: Silent
        release_date: 1900-03-10
        production_company: Lubin Studios
        director: Unknown
        writer: Unknown
        cinematography: Unknown
        budget: 450
        box_office: null
        awards: []
      }
    ]
  }
}",modifying-task-tabular-3,True,,,,,
5c6414540821d30001046198,hjson,"{
  movies:
  {
    movie:
    [
      {
        title: After Dark in Central Park
        year: 1900
        cast: []
        genres:
        [
          Silent
          Short
        ]
        href: null
        country: United States
        runtime: 3
        language: Silent
        release_date: 1900-03-15
        production_company: Edison Manufacturing Company
        director: James H. White
        writer: Unknown
        cinematography: Unknown
        budget: 500
        box_office: null
        awards: []
      }
      {
        title: Boarding School Girls' Pajama Parade
        year: 1900
        cast: []
        genres:
        [
          Silent
          Short
        ]
        href: null
        country: United States
        runtime: 2
        language: Silent
        release_date: 1900-05-10
        production_company: Edison Manufacturing Company
        director: James H. White
        writer: Unknown
        cinematography: Unknown
        budget: 450
        box_office: null
        awards: []
      }
      {
        title: Buffalo Bill's Wild West Parade
        year: 1900
        cast:
        [
          Buffalo Bill (William F. Cody)
        ]
        genres:
        [
          Documentary
        ]
        href: null
        country: United States
        runtime: 5
        language: Silent
        release_date: 1900-07-04
        production_company: Edison Manufacturing Company
        director: Unknown
        writer: Unknown
        cinematography: Unknown
        budget: 600
        box_office: null
        awards: []
      }
      {
        title: Caught
        year: 1900
        cast: []
        genres:
        [
          Drama
        ]
        href: null
        country: United States
        runtime: 2
        language: Silent
        release_date: 1900-02-20
        production_company: Biograph Company
        director: William Heise
        writer: Unknown
        cinematography: Unknown
        budget: 400
        box_office: null
        awards: []
      }
      {
        title: Clowns Spinning Hats
        year: 1900
        cast:
        [
          Unknown Clowns
        ]
        genres:
        [
          Silent
          Comedy
        ]
        href: Clowns_Spinning_Hats
        extract: Clowns Spinning Hats is a black-and-white silent film featuring clowns throwing hats back and forth to each other. It was written and produced by Lubin Films and released April 7, 1900.
        country: United States
        runtime: 3
        language: Silent
        release_date: 1900-04-07
        production_company: Lubin Films
        director: Unknown
        writer: Unknown
        cinematography: Unknown
        budget: 500
        box_office: null
        awards: []
      }
      {
        title: The Enchanted Drawing
        year: 1900
        cast:
        [
          J. Stuart Blackton
        ]
        genres:
        [
          Silent
          Animation
        ]
        href: The_Enchanted_Drawing
        extract: The Enchanted Drawing is a 1900 silent film directed by J. Stuart Blackton. It is best known for containing the first animated sequences recorded on standard picture film, which has led Blackton to be considered the father of American animation.
        thumbnail_width: 320
        thumbnail_height: 240
        country: United States
        runtime: 2
        language: Silent
        release_date: 1900-11-16
        production_company: Vitagraph Studios
        director: J. Stuart Blackton
        writer: J. Stuart Blackton
        cinematography: Unknown
        budget: 700
        box_office: null
        awards: []
      }
      {
        title: Feeding Sea Lions
        year: 1900
        cast:
        [
          Paul Boyton
        ]
        genres:
        [
          Short
          Silent
        ]
        href: Feeding_Sea_Lions
        extract: Feeding Sea Lions is a short silent film featuring Paul Boyton feeding sea lions at his Sea Lion Park at Coney Island. Boyton is shown feeding the trained sea lions, twelve in number. The sea lions follow Boyton up the steps of the pool and then follow him back into the water. One of them steals food out of the basket. The film was made by Lubin Studios on March 10, 1900.
        country: United States
        runtime: 3
        language: Silent
        release_date: 1900-03-10
        production_company: Lubin Studios
        director: Unknown
        writer: Unknown
        cinematography: Unknown
        budget: 450
        box_office: null
        awards: []
      }
      
      }
    ]
  }
}",modifying-task-tabular-3,False,Found a punctuator character when expecting a quoteless string (check your syntax): line 176 column 7 (char 4759),0.0,0.0,0.0,1.0
667c18ace97ab6869cb1c50e,hjson,"{
  movies:
  {
    movie:
    [
      {
        title: After Dark in Central Park
        year: 1900
        cast: []
        genres:
        [
          Silent
          Short
        ]
        href: null
        country: United States
        runtime: 3
        language: Silent
        release_date: 1900-03-15
        production_company: Edison Manufacturing Company
        director: James H. White
        writer: Unknown
        cinematography: Unknown
        budget: 500
        box_office: null
        awards: []
      }
      {
        title: Boarding School Girls' Pajama Parade
        year: 1900
        cast: []
        genres:
        [
          Silent
          Short
        ]
        href: null
        country: United States
        runtime: 2
        language: Silent
        release_date: 1900-05-10
        production_company: Edison Manufacturing Company
        director: James H. White
        writer: Unknown
        cinematography: Unknown
        budget: 450
        box_office: null
        awards: []
      }
      {
        title: Buffalo Bill's Wild West Parade
        year: 1900
        cast:
        [
          Buffalo Bill (William F. Cody)
        ]
        genres:
        [
          Documentary
        ]
        href: null
        country: United States
        runtime: 5
        language: Silent
        release_date: 1900-07-04
        production_company: Edison Manufacturing Company
        director: Unknown
        writer: Unknown
        cinematography: Unknown
        budget: 600
        box_office: null
        awards: []
      }
      {
        title: Caught
        year: 1900
        cast: []
        genres:
        [
          Drama
        ]
        href: null
        country: United States
        runtime: 2
        language: Silent
        release_date: 1900-02-20
        production_company: Biograph Company
        director: William Heise
        writer: Unknown
        cinematography: Unknown
        budget: 400
        box_office: null
        awards: []
      }
      {
        title: Clowns Spinning Hats
        year: 1900
        cast:
        [
          Unknown Clowns
        ]
        genres:
        [
          Silent
          Comedy
        ]
        href: Clowns_Spinning_Hats
        extract: Clowns Spinning Hats is a black-and-white silent film featuring clowns throwing hats back and forth to each other. It was written and produced by Lubin Films and released April 7, 1900.
        country: United States
        runtime: 3
        language: Silent
        release_date: 1900-04-07
        production_company: Lubin Films
        director: Unknown
        writer: Unknown
        cinematography: Unknown
        budget: 500
        box_office: null
        awards: []
      }
      {
        title: The Enchanted Drawing
        year: 1900
        cast:
        [
          J. Stuart Blackton
        ]
        genres:
        [
          Silent
          Animation
        ]
        href: The_Enchanted_Drawing
        extract: The Enchanted Drawing is a 1900 silent film directed by J. Stuart Blackton. It is best known for containing the first animated sequences recorded on standard picture film, which has led Blackton to be considered the father of American animation.
        thumbnail_width: 320
        thumbnail_height: 240
        country: United States
        runtime: 2
        language: Silent
        release_date: 1900-11-16
        production_company: Vitagraph Studios
        director: J. Stuart Blackton
        writer: J. Stuart Blackton
        cinematography: Unknown
        budget: 700
        box_office: null
        awards: []
      }
      {
        title: Feeding Sea Lions
        year: 1900
        cast:
        [
          Paul Boyton
        ]
        genres:
        [
          Short
          Silent
        ]
        href: Feeding_Sea_Lions
        extract: Feeding Sea Lions is a short silent film featuring Paul Boyton feeding sea lions at his Sea Lion Park at Coney Island. Boyton is shown feeding the trained sea lions, twelve in number. The sea lions follow Boyton up the steps of the pool and then follow him back into the water. One of them steals food out of the basket. The film was made by Lubin Studios on March 10, 1900.
        country: United States
        runtime: 3
        language: Silent
        release_date: 1900-03-10
        production_company: Lubin Studios
        director: Unknown
        writer: Unknown
        cinematography: Unknown
        budget: 450
        box_office: null
        awards: []
      }
    ]
  }
}",modifying-task-tabular-3,True,,,,,
67a754a5c8614c52a939d87b,hjson,"{
  movies:
  {
    movie:
    [
      {
        title: After Dark in Central Park
        year: 1900
        cast: []
        genres:
        [
          Silent
          Short
        ]
        href: null
        country: United States
        runtime: 3
        language: Silent
        release_date: 1900-03-15
        production_company: Edison Manufacturing Company
        director: James H. White
        writer: Unknown
        cinematography: Unknown
        budget: 500
        box_office: null
        awards: []
      }
      {
        title: Boarding School Girls' Pajama Parade
        year: 1900
        cast: []
        genres:
        [
          Silent
          Short
        ]
        href: null
        country: United States
        runtime: 2
        language: Silent
        release_date: 1900-05-10
        production_company: Edison Manufacturing Company
        director: James H. White
        writer: Unknown
        cinematography: Unknown
        budget: 450
        box_office: null
        awards: []
      }
      {
        title: Buffalo Bill's Wild West Parade
        year: 1900
        cast:
        [
          Buffalo Bill (William F. Cody)
        ]
        genres:
        [
          Documentary
        ]
        href: null
        country: United States
        runtime: 5
        language: Silent
        release_date: 1900-07-04
        production_company: Edison Manufacturing Company
        director: Unknown
        writer: Unknown
        cinematography: Unknown
        budget: 600
        box_office: null
        awards: []
      }
      {
        title: Caught
        year: 1900
        cast: []
        genres:
        [
          Drama
        ]
        href: null
        country: United States
        runtime: 2
        language: Silent
        release_date: 1900-02-20
        production_company: Biograph Company
        director: William Heise
        writer: Unknown
        cinematography: Unknown
        budget: 400
        box_office: null
        awards: []
      }
      {
        title: Clowns Spinning Hats
        year: 1900
        cast:
        [
          Unknown Clowns
        ]
        genres:
        [
          Silent
          Comedy
        ]
        href: Clowns_Spinning_Hats
        extract: Clowns Spinning Hats is a black-and-white silent film featuring clowns throwing hats back and forth to each other. It was written and produced by Lubin Films and released April 7, 1900.
        country: United States
        runtime: 3
        language: Silent
        release_date: 1900-04-07
        production_company: Lubin Films
        director: Unknown
        writer: Unknown
        cinematography: Unknown
        budget: 500
        box_office: null
        awards: []
      }
      {
        title: The Enchanted Drawing
        year: 1900
        cast:
        [
          J. Stuart Blackton
        ]
        genres:
        [
          Silent
          Animation
        ]
        href: The_Enchanted_Drawing
        extract: The Enchanted Drawing is a 1900 silent film directed by J. Stuart Blackton. It is best known for containing the first animated sequences recorded on standard picture film, which has led Blackton to be considered the father of American animation.
        thumbnail_width: 320
        thumbnail_height: 240
        country: United States
        runtime: 2
        language: Silent
        release_date: 1900-11-16
        production_company: Vitagraph Studios
        director: J. Stuart Blackton
        writer: J. Stuart Blackton
        cinematography: Unknown
        budget: 700
        box_office: null
        awards: []
      }
      {
        title: Feeding Sea Lions
        year: 1900
        cast:
        [
          Paul Boyton
        ]
        genres:
        [
          Short
          Silent
        ]
        href: Feeding_Sea_Lions
        extract: Feeding Sea Lions is a short silent film featuring Paul Boyton feeding sea lions at his Sea Lion Park at Coney Island. Boyton is shown feeding the trained sea lions, twelve in number. The sea lions follow Boyton up the steps of the pool and then follow him back into the water. One of them steals food out of the basket. The film was made by Lubin Studios on March 10, 1900.
        country: United States
        runtime: 3
        language: Silent
        release_date: 1900-03-10
        production_company: Lubin Studios
        director: Unknown
        writer: Unknown
        cinematography: Unknown
        budget: 450
        box_office: null
        awards: []
      }
    ]
    ",modifying-task-tabular-3,False,Bad key name (eof): line 176 column 5 (char 4756),1.0,0.0,0.0,0.0
65cf6d8a589a67afcab54e6f,hjson,"{
  movies:
  {
    movie:
    [
      {
        title: After Dark in Central Park
        year: 1900
        cast: []
        genres:
        [
          Silent
          Short
        ]
        href: null
        country: United States
        runtime: 3
        language: Silent
        release_date: 1900-03-15
        production_company: Edison Manufacturing Company
        director: James H. White
        writer: Unknown
        cinematography: Unknown
        budget: 500
        box_office: null
        awards: []
      }
      {
        title: Boarding School Girls' Pajama Parade
        year: 1900
        cast: []
        genres:
        [
          Silent
          Short
        ]
        href: null
        country: United States
        runtime: 2
        language: Silent
        release_date: 1900-05-10
        production_company: Edison Manufacturing Company
        director: James H. White
        writer: Unknown
        cinematography: Unknown
        budget: 450
        box_office: null
        awards: []
      }
      {
        title: Buffalo Bill's Wild West Parade
        year: 1900
        cast:
        [
          Buffalo Bill (William F. Cody)
        ]
        genres:
        [
          Documentary
        ]
        href: null
        country: United States
        runtime: 5
        language: Silent
        release_date: 1900-07-04
        production_company: Edison Manufacturing Company
        director: Unknown
        writer: Unknown
        cinematography: Unknown
        budget: 600
        box_office: null
        awards: []
      }
      {
        title: Caught
        year: 1900
        cast: []
        genres:
        [
          Drama
        ]
        href: null
        country: United States
        runtime: 2
        language: Silent
        release_date: 1900-02-20
        production_company: Biograph Company
        director: William Heise
        writer: Unknown
        cinematography: Unknown
        budget: 400
        box_office: null
        awards: []
      }
      {
        title: Clowns Spinning Hats
        year: 1900
        cast:
        [
          Unknown Clowns
        ]
        genres:
        [
          Silent
          Comedy
        ]
        href: Clowns_Spinning_Hats
        extract: Clowns Spinning Hats is a black-and-white silent film featuring clowns throwing hats back and forth to each other. It was written and produced by Lubin Films and released April 7, 1900.
        country: United States
        runtime: 3
        language: Silent
        release_date: 1900-04-07
        production_company: Lubin Films
        director: Unknown
        writer: Unknown
        cinematography: Unknown
        budget: 500
        box_office: null
        awards: []
      }
      {
        title: The Enchanted Drawing
        year: 1900
        cast:
        [
          J. Stuart Blackton
        ]
        genres:
        [
          Silent
          Animation
        ]
        href: The_Enchanted_Drawing
        extract: The Enchanted Drawing is a 1900 silent film directed by J. Stuart Blackton. It is best known for containing the first animated sequences recorded on standard picture film, which has led Blackton to be considered the father of American animation.
        thumbnail_width: 320
        thumbnail_height: 240
        country: United States
        runtime: 2
        language: Silent
        release_date: 1900-11-16
        production_company: Vitagraph Studios
        director: J. Stuart Blackton
        writer: J. Stuart Blackton
        cinematography: Unknown
        budget: 700
        box_office: null
        awards: []
      }
      {
        title: Feeding Sea Lions
        year: 1900
        cast:
        [
          Paul Boyton
        ]
        genres:
        [
          Short
          Silent
        ]
        href: Feeding_Sea_Lions
        extract: Feeding Sea Lions is a short silent film featuring Paul Boyton feeding sea lions at his Sea Lion Park at Coney Island. Boyton is shown feeding the trained sea lions, twelve in number. The sea lions follow Boyton up the steps of the pool and then follow him back into the water. One of them steals food out of the basket. The film was made by Lubin Studios on March 10, 1900.
        country: United States
        runtime: 3
        language: Silent
        release_date: 1900-03-10
        production_company: Lubin Studios
        director: Unknown
        writer: Unknown
        cinematography: Unknown
        budget: 450
        box_office: null
        awards: []
      }
    ]
  }
}",modifying-task-tabular-3,True,,,,,
67d7fa657f5ac0292a291a38,hjson,"{
  movies:
  {
    movie:
    [
      {
        title: After Dark in Central Park
        year: 1900
        cast: []
        genres:
        [
          Silent
          Short
        ]
        href: null
        country: United States
        runtime: 3
        language: Silent
        release_date: 1900-03-15
        production_company: Edison Manufacturing Company
        director: James H. White
        writer: Unknown
        cinematography: Unknown
        budget: 500
        box_office: null
        awards: []
      }
      {
        title: Boarding School Girls' Pajama Parade
        year: 1900
        cast: []
        genres:
        [
          Silent
          Short
        ]
        href: null
        country: United States
        runtime: 2
        language: Silent
        release_date: 1900-05-10
        production_company: Edison Manufacturing Company
        director: James H. White
        writer: Unknown
        cinematography: Unknown
        budget: 450
        box_office: null
        awards: []
      }
      {
        title: Buffalo Bill's Wild West Parade
        year: 1900
        cast:
        [
          Buffalo Bill (William F. Cody)
        ]
        genres:
        [
          Documentary
        ]
        href: null
        country: United States
        runtime: 5
        language: Silent
        release_date: 1900-07-04
        production_company: Edison Manufacturing Company
        director: Unknown
        writer: Unknown
        cinematography: Unknown
        budget: 600
        box_office: null
        awards: []
      }
      {
        title: Caught
        year: 1900
        cast: []
        genres:
        [
          Drama
        ]
        href: null
        country: United States
        runtime: 2
        language: Silent
        release_date: 1900-02-20
        production_company: Biograph Company
        director: William Heise
        writer: Unknown
        cinematography: Unknown
        budget: 400
        box_office: null
        awards: []
      }
      {
        title: Clowns Spinning Hats
        year: 1900
        cast:
        [
          Unknown Clowns
        ]
        genres:
        [
          Silent
          Comedy
        ]
        href: Clowns_Spinning_Hats
        extract: Clowns Spinning Hats is a black-and-white silent film featuring clowns throwing hats back and forth to each other. It was written and produced by Lubin Films and released April 7, 1900.
        country: United States
        runtime: 3
        language: Silent
        release_date: 1900-04-07
        production_company: Lubin Films
        director: Unknown
        writer: Unknown
        cinematography: Unknown
        budget: 500
        box_office: null
        awards: []
      }
      {
        title: The Enchanted Drawing
        year: 1900
        cast:
        [
          J. Stuart Blackton
        ]
        genres:
        [
          Silent
          Animation
        ]
        href: The_Enchanted_Drawing
        extract: The Enchanted Drawing is a 1900 silent film directed by J. Stuart Blackton. It is best known for containing the first animated sequences recorded on standard picture film, which has led Blackton to be considered the father of American animation.
        thumbnail_width: 320
        thumbnail_height: 240
        country: United States
        runtime: 2
        language: Silent
        release_date: 1900-11-16
        production_company: Vitagraph Studios
        director: J. Stuart Blackton
        writer: J. Stuart Blackton
        cinematography: Unknown
        budget: 700
        box_office: null
        awards: []
      }
      {
        title: Feeding Sea Lions
        year: 1900
        cast:
        [
          Paul Boyton
        ]
        genres:
        [
          Short
          Silent
        ]
        href: Feeding_Sea_Lions
        extract: Feeding Sea Lions is a short silent film featuring Paul Boyton feeding sea lions at his Sea Lion Park at Coney Island. Boyton is shown feeding the trained sea lions, twelve in number. The sea lions follow Boyton up the steps of the pool and then follow him back into the water. One of them steals food out of the basket. The film was made by Lubin Studios on March 10, 1900.
        country: United States
        runtime: 3
        language: Silent
        release_date: 1900-03-10
        production_company: Lubin Studios
        director: Unknown
        writer: Unknown
        cinematography: Unknown
        budget: 450
        box_office: null
        awards: []
      }
      {
        title: A Trip to the Moon
        year: 1902    // This movie was released after 1900.
        cast:
        [
          Georges Méliès
        ]
        genres:
        [
          Sci-Fi
          Adventure
        ]
        href: A_Trip_to_the_Moon
        extract: A Trip to the Moon (French: Le Voyage dans la Lune) is a 1902 French silent film directed by Georges Méliès. It is widely regarded as the first science fiction film ever made.
        thumbnail_width: 320
        thumbnail_height: 240
        country: France
        runtime: 14
        language: Silent

        release_date: 1902-09-01
        production_company: Star Film Company
        director: Georges Méliès
        writer: Georges Méliès
        cinematography: Georges Méliès
        budget: 10000
        box_office: 20000
        awards:
        [
          Considered a milestone in cinema history
        ]
      }
      {
        title: The Great Train Robbery
        year: 1903    // This movie was released after 1900.
        cast:
        [
          Gilbert M. Anderson
          A. C. Abadie
        ]
        genres:
        [
          Western
          Action
        ]
        href: The_Great_Train_Robbery
        extract: The Great Train Robbery is a 1903 American silent short film directed by Edwin S. Porter. It is considered one of the earliest narrative films.
        thumbnail_width: 320
        thumbnail_height: 240
        country: United States
        runtime: 12
        language: Silent
        release_date: 1903-12-01
        production_company: Edison Manufacturing Company
        director: Edwin S. Porter
        writer: Scott Marble
        cinematography: Edwin S. Porter
        budget: 150
        box_office: 5000
        awards:
        [
          One of the earliest crime films
        ]
      }
    ]
  }
}",modifying-task-tabular-3,True,,,,,
61267b828ead584bcf092e35,hjson,"{
  movies:
  {
    movie:
    [
      {
        title: After Dark in Central Park
        year: 1900
        cast: []
        genres:
        [
          Silent
          Short
        ]
        href: null
        country: United States
        runtime: 3
        language: Silent
        release_date: 1900-03-15
        production_company: Edison Manufacturing Company
        director: James H. White
        writer: Unknown
        cinematography: Unknown
        budget: 500
        box_office: null
        awards: []
      }
      {
        title: Boarding School Girls' Pajama Parade
        year: 1900
        cast: []
        genres:
        [
          Silent
          Short
        ]
        href: null
        country: United States
        runtime: 2
        language: Silent
        release_date: 1900-05-10
        production_company: Edison Manufacturing Company
        director: James H. White
        writer: Unknown
        cinematography: Unknown
        budget: 450
        box_office: null
        awards: []
      }
      {
        title: Buffalo Bill's Wild West Parade
        year: 1900
        cast:
        [
          Buffalo Bill (William F. Cody)
        ]
        genres:
        [
          Documentary
        ]
        href: null
        country: United States
        runtime: 5
        language: Silent
        release_date: 1900-07-04
        production_company: Edison Manufacturing Company
        director: Unknown
        writer: Unknown
        cinematography: Unknown
        budget: 600
        box_office: null
        awards: []
      }
      {
        title: Caught
        year: 1900
        cast: []
        genres:
        [
          Drama
        ]
        href: null
        country: United States
        runtime: 2
        language: Silent
        release_date: 1900-02-20
        production_company: Biograph Company
        director: William Heise
        writer: Unknown
        cinematography: Unknown
        budget: 400
        box_office: null
        awards: []
      }
      {
        title: Clowns Spinning Hats
        year: 1900
        cast:
        [
          Unknown Clowns
        ]
        genres:
        [
          Silent
          Comedy
        ]
        href: Clowns_Spinning_Hats
        extract: Clowns Spinning Hats is a black-and-white silent film featuring clowns throwing hats back and forth to each other. It was written and produced by Lubin Films and released April 7, 1900.
        country: United States
        runtime: 3
        language: Silent
        release_date: 1900-04-07
        production_company: Lubin Films
        director: Unknown
        writer: Unknown
        cinematography: Unknown
        budget: 500
        box_office: null
        awards: []
      }
      {
        title: The Enchanted Drawing
        year: 1900
        cast:
        [
          J. Stuart Blackton
        ]
        genres:
        [
          Silent
          Animation
        ]
        href: The_Enchanted_Drawing
        extract: The Enchanted Drawing is a 1900 silent film directed by J. Stuart Blackton. It is best known for containing the first animated sequences recorded on standard picture film, which has led Blackton to be considered the father of American animation.
        thumbnail_width: 320
        thumbnail_height: 240
        country: United States
        runtime: 2
        language: Silent
        release_date: 1900-11-16
        production_company: Vitagraph Studios
        director: J. Stuart Blackton
        writer: J. Stuart Blackton
        cinematography: Unknown
        budget: 700
        box_office: null
        awards: []
      }
      {
        title: Feeding Sea Lions
        year: 1900
        cast:
        [
          Paul Boyton
        ]
        genres:
        [
          Short
          Silent
        ]
        href: Feeding_Sea_Lions
        extract: Feeding Sea Lions is a short silent film featuring Paul Boyton feeding sea lions at his Sea Lion Park at Coney Island. Boyton is shown feeding the trained sea lions, twelve in number. The sea lions follow Boyton up the steps of the pool and then follow him back into the water. One of them steals food out of the basket. The film was made by Lubin Studios on March 10, 1900.
        country: United States
        runtime: 3
        language: Silent
        release_date: 1900-03-10
        production_company: Lubin Studios
        director: Unknown
        writer: Unknown
        cinematography: Unknown
        budget: 450
        box_office: null
        awards: []
      }
      ",modifying-task-tabular-3,False,Expecting value: line 175 column 7 (char 4751),0.0,1.0,0.0,0.0
6577a27da9f5297d49f38e6f,hjson,"{
  movies:
  {
    movie:
    [
      {
        title: After Dark in Central Park
        year: 1900
        cast: []
        genres:
        [
          Silent
          Short
        ]
        href: null
        country: United States
        runtime: 3
        language: Silent
        release_date: 1900-03-15
        production_company: Edison Manufacturing Company
        director: James H. White
        writer: Unknown
        cinematography: Unknown
        budget: 500
        box_office: null
        awards: []
      }
      {
        title: Boarding School Girls' Pajama Parade
        year: 1900
        cast: []
        genres:
        [
          Silent
          Short
        ]
        href: null
        country: United States
        runtime: 2
        language: Silent
        release_date: 1900-05-10
        production_company: Edison Manufacturing Company
        director: James H. White
        writer: Unknown
        cinematography: Unknown
        budget: 450
        box_office: null
        awards: []
      }
      {
        title: Buffalo Bill's Wild West Parade
        year: 1900
        cast:
        [
          Buffalo Bill (William F. Cody)
        ]
        genres:
        [
          Documentary
        ]
        href: null
        country: United States
        runtime: 5
        language: Silent
        release_date: 1900-07-04
        production_company: Edison Manufacturing Company
        director: Unknown
        writer: Unknown
        cinematography: Unknown
        budget: 600
        box_office: null
        awards: []
      }
      {
        title: Caught
        year: 1900
        cast: []
        genres:
        [
          Drama
        ]
        href: null
        country: United States
        runtime: 2
        language: Silent
        release_date: 1900-02-20
        production_company: Biograph Company
        director: William Heise
        writer: Unknown
        cinematography: Unknown
        budget: 400
        box_office: null
        awards: []
      }
      {
        title: Clowns Spinning Hats
        year: 1900
        cast:
        [
          Unknown Clowns
        ]
        genres:
        [
          Silent
          Comedy
        ]
        href: Clowns_Spinning_Hats
        extract: Clowns Spinning Hats is a black-and-white silent film featuring clowns throwing hats back and forth to each other. It was written and produced by Lubin Films and released April 7, 1900.
        country: United States
        runtime: 3
        language: Silent
        release_date: 1900-04-07
        production_company: Lubin Films
        director: Unknown
        writer: Unknown
        cinematography: Unknown
        budget: 500
        box_office: null
        awards: []
      }
      {
        title: The Enchanted Drawing
        year: 1900
        cast:
        [
          J. Stuart Blackton
        ]
        genres:
        [
          Silent
          Animation
        ]
        href: The_Enchanted_Drawing
        extract: The Enchanted Drawing is a 1900 silent film directed by J. Stuart Blackton. It is best known for containing the first animated sequences recorded on standard picture film, which has led Blackton to be considered the father of American animation.
        thumbnail_width: 320
        thumbnail_height: 240
        country: United States
        runtime: 2
        language: Silent
        release_date: 1900-11-16
        production_company: Vitagraph Studios
        director: J. Stuart Blackton
        writer: J. Stuart Blackton
        cinematography: Unknown
        budget: 700
        box_office: null
        awards: []
      }
      {
        title: Feeding Sea Lions
        year: 1900
        cast:
        [
          Paul Boyton
        ]
        genres:
        [
          Short
          Silent
        ]
        href: Feeding_Sea_Lions
        extract: Feeding Sea Lions is a short silent film featuring Paul Boyton feeding sea lions at his Sea Lion Park at Coney Island. Boyton is shown feeding the trained sea lions, twelve in number. The sea lions follow Boyton up the steps of the pool and then follow him back into the water. One of them steals food out of the basket. The film was made by Lubin Studios on March 10, 1900.
        country: United States
        runtime: 3
        language: Silent
        release_date: 1900-03-10
        production_company: Lubin Studios
        director: Unknown
        writer: Unknown
        cinematography: Unknown
        budget: 450
        box_office: null
        awards: []
      }
    ]
  }
}",modifying-task-tabular-3,True,,,,,
67d9788747176969d8d0fa1d,hjson,"{
  movies:
  {
    movie:
    [
      {
        title: After Dark in Central Park
        year: 1900
        cast: []
        genres:
        [
          Silent
          Short
        ]
        href: null
        country: United States
        runtime: 3
        language: Silent
        release_date: 1900-03-15
        production_company: Edison Manufacturing Company
        director: James H. White
        writer: Unknown
        cinematography: Unknown
        budget: 500
        box_office: null
        awards: []
      }
      {
        title: Boarding School Girls' Pajama Parade
        year: 1900
        cast: []
        genres:
        [
          Silent
          Short
        ]
        href: null
        country: United States
        runtime: 2
        language: Silent
        release_date: 1900-05-10
        production_company: Edison Manufacturing Company
        director: James H. White
        writer: Unknown
        cinematography: Unknown
        budget: 450
        box_office: null
        awards: []
      }
      {
        title: Buffalo Bill's Wild West Parade
        year: 1900
        cast:
        [
          Buffalo Bill (William F. Cody)
        ]
        genres:
        [
          Documentary
        ]
        href: null
        country: United States
        runtime: 5
        language: Silent
        release_date: 1900-07-04
        production_company: Edison Manufacturing Company
        director: Unknown
        writer: Unknown
        cinematography: Unknown
        budget: 600
        box_office: null
        awards: []
      }
      {
        title: Caught
        year: 1900
        cast: []
        genres:
        [
          Drama
        ]
        href: null
        country: United States
        runtime: 2
        language: Silent
        release_date: 1900-02-20
        production_company: Biograph Company
        director: William Heise
        writer: Unknown
        cinematography: Unknown
        budget: 400
        box_office: null
        awards: []
      }
      {
        title: Clowns Spinning Hats
        year: 1900
        cast:
        [
          Unknown Clowns
        ]
        genres:
        [
          Silent
          Comedy
        ]
        href: Clowns_Spinning_Hats
        extract: Clowns Spinning Hats is a black-and-white silent film featuring clowns throwing hats back and forth to each other. It was written and produced by Lubin Films and released April 7, 1900.
        country: United States
        runtime: 3
        language: Silent
        release_date: 1900-04-07
        production_company: Lubin Films
        director: Unknown
        writer: Unknown
        cinematography: Unknown
        budget: 500
        box_office: null
        awards: []
      }
      {
        title: The Enchanted Drawing
        year: 1900
        cast:
        [
          J. Stuart Blackton
        ]
        genres:
        [
          Silent
          Animation
        ]
        href: The_Enchanted_Drawing
        extract: The Enchanted Drawing is a 1900 silent film directed by J. Stuart Blackton. It is best known for containing the first animated sequences recorded on standard picture film, which has led Blackton to be considered the father of American animation.
        thumbnail_width: 320
        thumbnail_height: 240
        country: United States
        runtime: 2
        language: Silent
        release_date: 1900-11-16
        production_company: Vitagraph Studios
        director: J. Stuart Blackton
        writer: J. Stuart Blackton
        cinematography: Unknown
        budget: 700
        box_office: null
        awards: []
      }
      {
        title: Feeding Sea Lions
        year: 1900
        cast:
        [
          Paul Boyton
        ]
        genres:
        [
          Short
          Silent
        ]
        href: Feeding_Sea_Lions
        extract: Feeding Sea Lions is a short silent film featuring Paul Boyton feeding sea lions at his Sea Lion Park at Coney Island. Boyton is shown feeding the trained sea lions, twelve in number. The sea lions follow Boyton up the steps of the pool and then follow him back into the water. One of them steals food out of the basket. The film was made by Lubin Studios on March 10, 1900.
        country: United States
        runtime: 3
        language: Silent
        release_date: 1900-03-10
        production_company: Lubin Studios
        director: Unknown
        writer: Unknown
        cinematography: Unknown
        budget: 450
        box_office: null
        awards: []
      }
    ]
  }
}",modifying-task-tabular-3,True,,,,,
67adb27bd5f5776fcb16da62,hjson,"{
  movies:
  {
    movie:
    [
      {
        title: After Dark in Central Park
        year: 1900
        cast: []
        genres:
        [
          Silent
          Short
        ]
        href: null
        country: United States
        runtime: 3
        language: Silent
        release_date: 1900-03-15
        production_company: Edison Manufacturing Company
        director: James H. White
        writer: Unknown
        cinematography: Unknown
        budget: 500
        box_office: null
        awards: []
      }
      {
        title: Boarding School Girls' Pajama Parade
        year: 1900
        cast: []
        genres:
        [
          Silent
          Short
        ]
        href: null
        country: United States
        runtime: 2
        language: Silent
        release_date: 1900-05-10
        production_company: Edison Manufacturing Company
        director: James H. White
        writer: Unknown
        cinematography: Unknown
        budget: 450
        box_office: null
        awards: []
      }
      {
        title: Buffalo Bill's Wild West Parade
        year: 1900
        cast:
        [
          Buffalo Bill (William F. Cody)
        ]
        genres:
        [
          Documentary
        ]
        href: null
        country: United States
        runtime: 5
        language: Silent
        release_date: 1900-07-04
        production_company: Edison Manufacturing Company
        director: Unknown
        writer: Unknown
        cinematography: Unknown
        budget: 600
        box_office: null
        awards: []
      }
      {
        title: Caught
        year: 1900
        cast: []
        genres:
        [
          Drama
        ]
        href: null
        country: United States
        runtime: 2
        language: Silent
        release_date: 1900-02-20
        production_company: Biograph Company
        director: William Heise
        writer: Unknown
        cinematography: Unknown
        budget: 400
        box_office: null
        awards: []
      }
      {
        title: Clowns Spinning Hats
        year: 1900
        cast:
        [
          Unknown Clowns
        ]
        genres:
        [
          Silent
          Comedy
        ]
        href: Clowns_Spinning_Hats
        extract: Clowns Spinning Hats is a black-and-white silent film featuring clowns throwing hats back and forth to each other. It was written and produced by Lubin Films and released April 7, 1900.
        country: United States
        runtime: 3
        language: Silent
        release_date: 1900-04-07
        production_company: Lubin Films
        director: Unknown
        writer: Unknown
        cinematography: Unknown
        budget: 500
        box_office: null
        awards: []
      }
      {
        title: The Enchanted Drawing
        year: 1900
        cast:
        [
          J. Stuart Blackton
        ]
        genres:
        [
          Silent
          Animation
        ]
        href: The_Enchanted_Drawing
        extract: The Enchanted Drawing is a 1900 silent film directed by J. Stuart Blackton. It is best known for containing the first animated sequences recorded on standard picture film, which has led Blackton to be considered the father of American animation.
        thumbnail_width: 320
        thumbnail_height: 240
        country: United States
        runtime: 2
        language: Silent
        release_date: 1900-11-16
        production_company: Vitagraph Studios
        director: J. Stuart Blackton
        writer: J. Stuart Blackton
        cinematography: Unknown
        budget: 700
        box_office: null
        awards: []
      }
      {
        title: Feeding Sea Lions
        year: 1900
        cast:
        [
          Paul Boyton
        ]
        genres:
        [
          Short
          Silent
        ]
        href: Feeding_Sea_Lions
        extract: Feeding Sea Lions is a short silent film featuring Paul Boyton feeding sea lions at his Sea Lion Park at Coney Island. Boyton is shown feeding the trained sea lions, twelve in number. The sea lions follow Boyton up the steps of the pool and then follow him back into the water. One of them steals food out of the basket. The film was made by Lubin Studios on March 10, 1900.
        country: United States
        runtime: 3
        language: Silent
        release_date: 1900-03-10
        production_company: Lubin Studios
        director: Unknown
        writer: Unknown
        cinematography: Unknown
        budget: 450
        box_office: null
        awards: []
      }
      
  ",modifying-task-tabular-3,False,Expecting value: line 176 column 3 (char 4755),0.0,1.0,0.0,0.0
6675c40cdc52b37294f0514e,hjson,"{
  movies:
  {
    movie:
    [
      {
        title: After Dark in Central Park
        year: 1900
        cast: []
        genres:
        [
          Silent
          Short
        ]
        href: null
        country: United States
        runtime: 3
        language: Silent
        release_date: 1900-03-15
        production_company: Edison Manufacturing Company
        director: James H. White
        writer: Unknown
        cinematography: Unknown
        budget: 500
        box_office: null
        awards: []
      }
      {
        title: Boarding School Girls' Pajama Parade
        year: 1900
        cast: []
        genres:
        [
          Silent
          Short
        ]
        href: null
        country: United States
        runtime: 2
        language: Silent
        release_date: 1900-05-10
        production_company: Edison Manufacturing Company
        director: James H. White
        writer: Unknown
        cinematography: Unknown
        budget: 450
        box_office: null
        awards: []
      }
      {
        title: Buffalo Bill's Wild West Parade
        year: 1900
        cast:
        [
          Buffalo Bill (William F. Cody)
        ]
        genres:
        [
          Documentary
        ]
        href: null
        country: United States
        runtime: 5
        language: Silent
        release_date: 1900-07-04
        production_company: Edison Manufacturing Company
        director: Unknown
        writer: Unknown
        cinematography: Unknown
        budget: 600
        box_office: null
        awards: []
      }
      {
        title: Caught
        year: 1900
        cast: []
        genres:
        [
          Drama
        ]
        href: null
        country: United States
        runtime: 2
        language: Silent
        release_date: 1900-02-20
        production_company: Biograph Company
        director: William Heise
        writer: Unknown
        cinematography: Unknown
        budget: 400
        box_office: null
        awards: []
      }
      {
        title: Clowns Spinning Hats
        year: 1900
        cast:
        [
          Unknown Clowns
        ]
        genres:
        [
          Silent
          Comedy
        ]
        href: Clowns_Spinning_Hats
        extract: Clowns Spinning Hats is a black-and-white silent film featuring clowns throwing hats back and forth to each other. It was written and produced by Lubin Films and released April 7, 1900.
        country: United States
        runtime: 3
        language: Silent
        release_date: 1900-04-07
        production_company: Lubin Films
        director: Unknown
        writer: Unknown
        cinematography: Unknown
        budget: 500
        box_office: null
        awards: []
      }
      {
        title: The Enchanted Drawing
        year: 1900
        cast:
        [
          J. Stuart Blackton
        ]
        genres:
        [
          Silent
          Animation
        ]
        href: The_Enchanted_Drawing
        extract: The Enchanted Drawing is a 1900 silent film directed by J. Stuart Blackton. It is best known for containing the first animated sequences recorded on standard picture film, which has led Blackton to be considered the father of American animation.
        thumbnail_width: 320
        thumbnail_height: 240
        country: United States
        runtime: 2
        language: Silent
        release_date: 1900-11-16
        production_company: Vitagraph Studios
        director: J. Stuart Blackton
        writer: J. Stuart Blackton
        cinematography: Unknown
        budget: 700
        box_office: null
        awards: []
      }
      {
        title: Feeding Sea Lions
        year: 1900
        cast:
        [
          Paul Boyton
        ]
        genres:
        [
          Short
          Silent
        ]
        href: Feeding_Sea_Lions
        extract: Feeding Sea Lions is a short silent film featuring Paul Boyton feeding sea lions at his Sea Lion Park at Coney Island. Boyton is shown feeding the trained sea lions, twelve in number. The sea lions follow Boyton up the steps of the pool and then follow him back into the water. One of them steals food out of the basket. The film was made by Lubin Studios on March 10, 1900.
        country: United States
        runtime: 3
        language: Silent
        release_date: 1900-03-10
        production_company: Lubin Studios
        director: Unknown
        writer: Unknown
        cinematography: Unknown
        budget: 450
        box_office: null
        awards: []
      }
      {
        title: A Trip to the Moon
        year: 1902    // This movie was released after 1900.
        cast:
        [
          Georges Méliès
        ]
        genres:
        [
          Sci-Fi
          Adventure
        ]
        hre
        [
          Considered a milestone in cinema history
        ]
      }
      {
        title: The Great Train Robbery
        year: 1903    // This movie was released after 1900.
        cast:
        [
          Gilbert M. Anderson
          A. C. Abadie
        ]
        genres:
        [
          Western
          Action
        ]
        href: The_Great_Train_Robbery
        extract: The Great Train Robbery is a 1903 American silent short film directed by Edwin S. Porter. It is considered one of the earliest narrative films.
        thumbnail_width: 320
        thumbnail_height: 240
    
        awards:
        [
          One of the earliest crime films
        ]
      }
    ]
  }
}",modifying-task-tabular-3,False,"Found '[' where a key name was expected (check your syntax or use quotes if the key name includes {}[],: or whitespace): line 187 column 9 (char 5000)",0.0,0.0,1.0,0.0
